	summarized	lineages	abundances	resid	coverage
10.11.23.SBOCT08.R1.rerun__NA__NA__231023_WW__00X.variants.tsv	[('EG.5* [Omicron (EG.5.X)]', 0.361485146675591), ('XBB.1.5* [Omicron (XBB.1.5.X)]', 0.18371064591676262), ('XBB* (XBB.X)', 0.11953399239154704), ('XBB.1.16* [Omicron (XBB.1.16.X)]', 0.11170026284750274), ('XBB.1.9.2* [Omicron (XBB.1.9.2.X)]', 0.0945093905588855), ('Other', 0.03436401357224008), ('CH.1.1* [Omicron (CH.1.1.X)]', 0.01896849236958973), ('XBB.1.9.1* [Omicron (XBB.1.9.1.X)]', 0.006468215215170607)]	HV.1 XBB.1.16.6 EG.2 HZ.1 HS.1.1 XBB.1.30 XBB.1.42.1 XCC XDA GV.1 DV.4 CH.1.1 XBB.1.5.78 HK.30 FK.1 XBB.1.5.32 XBB.1.5.81 XBB.1.27 JF.1 EG.11 XBB.1.5.41 XBB.1.16.15 CH.1.1.24 XBB.1.5.61 GN.4 XBB.1.5.94 XDH FL.24.1 EG.5.2.3 HV.1.7 XBB.1.5.76 FY.2.1 HK.27 FT.3.1 XBB.1.35 JF.3 HV.1.4 XBB.1.5.73 FL.38 HK.26.1 HK.13.1 XDC CH.1.1.6 CH.1.1.4 JF.4 JF.1.1.1 XCZ EG.5.1.12 GK.1.6 GU.1 XBB.1.5.109 XCP EK.2.1 XDG KM.1 XBB.1.5.17 FL.1.5.1 HV.1.9 XBB.1.5.88 FL.1.8 EG.2.2 HZ.2 XBB.1.16.27 GB.2 KG.1 GQ.1.1 FE.1.1.5 HK.31 CH.1.1.31	0.34297549 0.10035000 0.09061904 0.07336374 0.06856265 0.06476386 0.04687527 0.02023329 0.00587122 0.00438467 0.00351288 0.00344919 0.00344396 0.00319829 0.00304813 0.00304414 0.00297619 0.00286533 0.00272306 0.00270270 0.00259069 0.00255535 0.00255265 0.00255009 0.00250627 0.00245549 0.00229410 0.00228311 0.00223964 0.00218341 0.00213774 0.00209479 0.00200803 0.00188047 0.00184758 0.00181598 0.00179910 0.00179617 0.00177871 0.00164941 0.00164524 0.00164150 0.00157150 0.00156212 0.00154044 0.00153599 0.00151918 0.00149681 0.00148834 0.00147664 0.00144829 0.00141044 0.00139974 0.00139428 0.00139397 0.00125332 0.00120736 0.00120424 0.00120120 0.00119904 0.00118765 0.00118110 0.00117944 0.00117578 0.00112628 0.00110558 0.00108717 0.00108548 0.00104015	16.816391378328007	96.78627562451928
10.11.23.PLOCT09.R2.rerun__NA__NA__231023_WW__00X.variants.tsv	[('EG.5* [Omicron (EG.5.X)]', 0.3906757802912098), ('XBB.1.16* [Omicron (XBB.1.16.X)]', 0.11338232991871686), ('XBB.1.5* [Omicron (XBB.1.5.X)]', 0.10468468042969864), ('XBB* (XBB.X)', 0.07769375187750514), ('XBB.1.9.1* [Omicron (XBB.1.9.1.X)]', 0.06059749483879674), ('XBB.1.9.2* [Omicron (XBB.1.9.2.X)]', 0.051260805054252664), ('Other', 0.04058756642367991), ('XBB.2.3* (XBB.2.3.X)', 0.02624445965442364), ('CH.1.1* [Omicron (CH.1.1.X)]', 0.005267755133732903)]	HV.1.2 HV.1 EG.5.1.1 HK.23 XBB.1 JF.4 HK.29 GK.3.1 XBB.1.9.2 FU.1 EG.5.1.3 FL.1.5 XBB.1.5.17 XDB HV.1.8 EG.5 HK.27 XBB.1.9 JA.1 EG.4 EG.5.1.7 EG.5.1.9 HV.1.10 HZ.1 FU.2 HZ.2 JF.1.1 EG.5.1.15 HV.1.1 XCV GK.3 FL.32.1 XBB.2.3 FU.3 HN.1 HS.1.1 JD.1.1.1 HK.13 FY.2.1 HK.30 EG.7 XCZ HF.1 FU.5 HN.3 XBB.1.42 XCP FL.4.5 HV.1.7 XBB.1.16.11 XBB.1.16.30 JM.1 FL.1.5.2 HK.6 FL.24 FL.1.3 JG.3 XBB.1.16.32 XBB.1.37.1 EG.2.3 XBB.1.16.31 XDG XBB.1.5.94 FL.23.1 GJ.1.1 XBB.1.35 JD.1.1.5 EG.11 HF.1.1 DV.7.1.5 JF.1.1.2 FL.22 XBB.1.16.10 HZ.3 XBB.1.16.27 EG.1.8 HK.16 FP.2.1.2 XBB.1.31.1 DV.7.1.8 GW.1.1 EG.4.2 JD.1.1.6 XBB.1.9.6 XBB.1.43.1 XBB.1.5.38 HV.1.6.1 XBB.1.16.5 FE.1.1.3 FY.5.2 XBB.1.5.87 EG.14 GJ.4 EG.5.1.12 FL.13.5 HU.1.1 KC.1 XBB.1.7 GA.10.1 HV.1.5 HK.13.1 FL.2.3.1 HK.31 XBL.1 FL.1.8 HK.3.12 GK.1.11 KG.1 XBB.1.16.21 JJ.1 GK.1.6.1 XBB.1.5.50 DV.7.1.6 EG.5.2.2 HR.1.1 XBB.1.29 XCR	0.06493850 0.05683375 0.04043481 0.03640003 0.03350953 0.03056430 0.03011000 0.02949038 0.02518887 0.02460993 0.02403547 0.02295116 0.01982845 0.01977868 0.01890320 0.01823280 0.01820940 0.01701576 0.01608929 0.01348597 0.01171880 0.01149010 0.01147933 0.01138910 0.01127694 0.01112832 0.00945795 0.00912647 0.00901041 0.00890168 0.00843495 0.00817202 0.00716410 0.00678648 0.00617897 0.00542196 0.00536316 0.00533415 0.00498506 0.00481928 0.00451977 0.00433272 0.00398936 0.00378284 0.00366416 0.00356663 0.00349788 0.00348675 0.00345925 0.00332983 0.00314509 0.00312213 0.00303396 0.00260007 0.00247654 0.00246740 0.00242601 0.00237160 0.00226620 0.00213590 0.00210859 0.00191126 0.00186730 0.00174157 0.00170213 0.00169274 0.00166069 0.00162911 0.00161812 0.00160159 0.00159395 0.00159272 0.00158089 0.00156187 0.00154751 0.00154488 0.00154437 0.00149277 0.00147885 0.00147710 0.00146862 0.00145460 0.00144802 0.00143839 0.00143575 0.00142878 0.00142324 0.00137006 0.00132429 0.00130430 0.00130208 0.00130172 0.00128894 0.00128515 0.00126998 0.00126846 0.00124182 0.00122791 0.00120992 0.00119832 0.00118015 0.00117101 0.00116861 0.00116032 0.00114943 0.00113979 0.00113931 0.00112745 0.00112676 0.00111973 0.00110631 0.00110325 0.00106162 0.00105460 0.00101075 0.00100857 0.00100503	16.730783762940984	99.05360666153898
10.11.23.ENCOCT09.R2.rerun__NA__NA__231023_WW__00X.variants.tsv	[('EG.5* [Omicron (EG.5.X)]', 0.39725784495260635), ('XBB.1.9.1* [Omicron (XBB.1.9.1.X)]', 0.15151908522167298), ('XBB.1.16* [Omicron (XBB.1.16.X)]', 0.11506384149435793), ('XBB.1.9.2* [Omicron (XBB.1.9.2.X)]', 0.10311219850970751), ('Other', 0.06465808154310405), ('XBB.1.5* [Omicron (XBB.1.5.X)]', 0.059594071229800386), ('XBB* (XBB.X)', 0.041966061930310085), ('Omicron', 0.0016098599939587796), ('XBB.2.3* (XBB.2.3.X)', 0.0010695072949137008), ('BA.2.75* [Omicron (BA.2.75.X)]', 0.0010019873910035808)]	HK.3.12 FL.1.5 XBB.1.9.2 EG.5.1.4 EG.5.1.1 HK.1 XCR EG.5.1.9 HZ.2 XBB.1.16.1 HV.1.5 HN.1 FU.1.1 XBB.1.16.19 XBB.1.16.15 XDC FL.6 XBB.1.30 XBB.1.5.10 HK.29 JF.1.1 FL.20.1 FL.8 HV.1.7 HK.30 GK.1.7 XBB.1.27 FU.1.1.1 HF.1.1 JF.1.1.1 EG.7 EG.9 JJ.1 EK.3 HR.1.1 XCV FZ.2 XCF.1 HK.23.1 XBB.1.35 XDG XBB.1.16.21 XBB.1.15.1 XBB.1.45.1 HK.3.5 HK.13.1 HK.27 HK.6 EG.11 XBB.2.9 JF.4 XBB.1.16.10 XBB.1.37 FL.2.1 XBB.1.5.57 XBB.1.5.82 XBB.1.5.35 FY.2.1 XBB.1.26 HK.14 FE.1.1.4 HK.13 HP.1 XAA XBB.1.43.1 FL.22 HU.2 XBB.1.5.109 FP.1 FL.2.3.1 FW.1.1.1 XBB.1.16.27 FU.5 GN.1.4 FL.4.4 HN.7 XBB.1.24 FL.24 FU.4 XBB.2.7 XBB.1.7 HK.15 HV.1.9 HV.1.2 XCW JF.3 FY.1.2.2 FL.39.1 KT.1.2 HK.11.1 XBB.1.16.25 XDL FY.4.2 FR.1.3	0.10804500 0.09391760 0.09366307 0.07105279 0.06375805 0.05378042 0.03833334 0.03551404 0.02763902 0.02561946 0.02440599 0.02112796 0.02076465 0.01889890 0.01739619 0.01523873 0.01441770 0.00822370 0.00806452 0.00789177 0.00732066 0.00616675 0.00607048 0.00480769 0.00467836 0.00445274 0.00442478 0.00436681 0.00384615 0.00375939 0.00372936 0.00356565 0.00324838 0.00313373 0.00313283 0.00312772 0.00301670 0.00296164 0.00281955 0.00280788 0.00279141 0.00272851 0.00261780 0.00239290 0.00234395 0.00232496 0.00226244 0.00220318 0.00215412 0.00215054 0.00214247 0.00213675 0.00210526 0.00194647 0.00194053 0.00187401 0.00186139 0.00184410 0.00183655 0.00179533 0.00173913 0.00171743 0.00165350 0.00160986 0.00159236 0.00158983 0.00157363 0.00155336 0.00147347 0.00145242 0.00140944 0.00136160 0.00131119 0.00127174 0.00125752 0.00125628 0.00124095 0.00123657 0.00123152 0.00120904 0.00120337 0.00120246 0.00119197 0.00117647 0.00117351 0.00114653 0.00109290 0.00107952 0.00106951 0.00103761 0.00103306 0.00103173 0.00102828 0.00100199	15.85069305423617	94.83329431829583
9.27.23.ENCSEP21.R2__NA__NA__230929_WW__00X.variants.tsv	[('XBB.1.9.2* [Omicron (XBB.1.9.2.X)]', 0.7923630911484321), ('EG.5* [Omicron (EG.5.X)]', 0.06044047901277071), ('XBB.1.16* [Omicron (XBB.1.16.X)]', 0.029460218891279217), ('XBB.1.5* [Omicron (XBB.1.5.X)]', 0.023358662663829983), ('XBB* (XBB.X)', 0.010562696174950318), ('XBB.2.3* (XBB.2.3.X)', 0.004068040738192233), ('XBB.1.9.1* [Omicron (XBB.1.9.1.X)]', 0.001694491193974858), ('Other', 0.0010090789079112681)]	EG.6.1 EG.5.1.4 XBB.1.16.13 FT.3.1 EG.5.1.9 HK.6 HZ.1 JF.1.1 HK.13.1 XBB.1.42.2 EG.10.1 EG.5.1.14 JF.4 EG.5.1.12 HF.1.1 EG.4.2 GJ.1.2.5 HZ.2 XBB.1.16.27 HN.1 FY.2.1 HK.3.12 GW.1.1 HL.1 EG.2.3 EG.14 KJ.1 HV.2 JJ.1 FY.6.2 GN.1.4 HV.1.1 HF.1.2 FU.5 EG.9.1 XBB.1.16.16 XBB.1.5.105 HA.2 GE.1.2.2 JF.3 HV.1.9 EK.2 EU.1.1.3 HK.3.2.2 XBB.3.1 GJ.4 XDG	0.78314245 0.03022493 0.01226417 0.01021940 0.00726552 0.00633734 0.00525839 0.00411339 0.00359164 0.00324931 0.00290583 0.00272483 0.00255350 0.00223513 0.00210672 0.00193097 0.00193050 0.00189388 0.00183619 0.00169449 0.00164438 0.00162420 0.00160977 0.00160098 0.00159455 0.00147638 0.00147565 0.00145438 0.00143787 0.00142912 0.00142057 0.00141809 0.00138435 0.00138265 0.00131291 0.00125809 0.00123471 0.00119065 0.00111881 0.00108551 0.00107722 0.00107411 0.00106695 0.00104932 0.00102914 0.00101873 0.00100908	11.302259247916716	97.08056047888172
10.25.23.PLOCT22.R2__NA__NA__231027_WW__00X.variants.tsv	[('EG.5* [Omicron (EG.5.X)]', 0.6756034454797576), ('XBB.1.16* [Omicron (XBB.1.16.X)]', 0.10206517171983531), ('XBB.1.5* [Omicron (XBB.1.5.X)]', 0.03899051215774778), ('XBB.1.9.2* [Omicron (XBB.1.9.2.X)]', 0.03468601593795563), ('XBB.1.9.1* [Omicron (XBB.1.9.1.X)]', 0.02682697770730785), ('Other', 0.02162998426841878), ('XBB* (XBB.X)', 0.012992968456104394), ('XBB.2.3* (XBB.2.3.X)', 0.010319313184192502)]	HK.8 HK.12 HV.1.1 HK.13 EG.5.1.4 EG.5.1.13 HK.19 HV.1 XBB.1.16.1 XBB.1.16.19 XBB.1.9.2 HK.8.1 XBB.1.16.6 EG.5.1.3 JF.4 FL.10.2 XBB.1.16.20 HK.3.12 XDC XBB.1.5.102 EG.5.1.7 HK.15 JJ.1 XCR FL.1.2 EG.5.1.16 JD.1.1.5 XBB.2.3.18 EG.7 EG.1.2 HK.30 EK.3 XBB.1.16.31 JG.3 JG.3.3 EG.5.1.2 JD.1.1.6 HK.29 GK.1.1 HK.6 EG.11 KC.1 XBB.1.16.10 XBB.1.16.24 HV.1.2 HK.9 FL.1 XCS FL.24 EG.5.2.3 EG.9 GK.1.7 EG.14 HV.1.5 GW.1.1 XBB.1.16.30 GK.10 JD.1.1.3 XBB.1.16.27 JD.2 XBB.1.5.50 XBB.1.16.18 EG.5.2.1 GJ.1.2.4 XBB.1.45.1 XDD.1.1.1 XBB.1.42.2 XBB.1.16.23 FU.4 HK.28 GJ.7 XBB.1.16.16 FL.4.6 XBB.1.34.1 XBB.1.16.13 HL.1 EG.2.3 EG.5.1.12 FU.5 HV.1.4 XBB.2.3.1 HK.4 XBB.1.16.32 FP.2.1.2 XBB.1.5.38 EG.4.2 FY.6.2 EG.2.4 HK.13.1 XEG HK.3.2.2 FL.13.5 GK.1.10 XBB.1.16.15 GN.3 KJ.1 HP.1 HF.1.1 GW.2 FY.1.2.2 KT.1.2 EG.5.2.2	0.21988982 0.10103832 0.07788356 0.04294465 0.03567207 0.03451040 0.03222140 0.02763994 0.02370871 0.01872200 0.01471150 0.01156441 0.01143190 0.01087015 0.01067138 0.01020990 0.01019250 0.00976139 0.00963390 0.00952194 0.00875249 0.00831947 0.00751880 0.00651173 0.00578328 0.00514139 0.00483928 0.00463903 0.00454476 0.00404715 0.00403769 0.00361961 0.00361757 0.00350701 0.00350701 0.00346021 0.00338868 0.00334113 0.00312202 0.00305523 0.00300787 0.00297327 0.00296296 0.00290487 0.00288184 0.00278680 0.00265542 0.00262927 0.00252402 0.00233645 0.00229041 0.00226410 0.00225904 0.00219619 0.00216622 0.00204290 0.00201257 0.00197628 0.00197555 0.00194689 0.00178374 0.00177620 0.00175845 0.00175049 0.00169952 0.00165975 0.00163740 0.00162436 0.00160772 0.00160514 0.00158165 0.00150557 0.00150150 0.00148664 0.00143365 0.00138094 0.00135657 0.00134409 0.00133505 0.00133156 0.00131859 0.00131702 0.00130928 0.00128755 0.00124933 0.00124688 0.00123894 0.00122183 0.00119716 0.00119533 0.00118548 0.00117959 0.00110882 0.00109411 0.00108340 0.00108254 0.00107385 0.00106634 0.00106270 0.00103306 0.00102955 0.00102669	15.63712385736176	96.96017122027891
10.06.23.PLOCT03.R2__NA__NA__231006_WW__00X.variants.tsv	[('EG.5* [Omicron (EG.5.X)]', 0.3342141483449609), ('XBB.1.5* [Omicron (XBB.1.5.X)]', 0.17184027286713383), ('XBB.1.9.2* [Omicron (XBB.1.9.2.X)]', 0.12286558749669088), ('XBB.1.16* [Omicron (XBB.1.16.X)]', 0.12125027008413378), ('XBB.1.9.1* [Omicron (XBB.1.9.1.X)]', 0.06649306526153882), ('Other', 0.033646103012466226), ('XBB* (XBB.X)', 0.03326894322200149), ('XBB.2.3* (XBB.2.3.X)', 0.02962640010541591)]	EG.2 EG.5.1 XBB.1.5.37 EG.5.1.3 XBB.1.16.11 XBB.1.16.4 HK.19 EG.5.1.4 HY.1 EG.5.1.6 HV.1.2 HK.4 HN.3 FL.1.5.1 EG.6.1 XCY EG.5 XBB.1.42.1 HV.1 XBB.1.5.39 XBB.1.5.40 GJ.5 HN.1 EG.5.1.13 XBB.1.5.103 GJ.1 EG.5.1.2 JF.1.1.2 XBB.1.5.78 XBB.1.16.13 XCZ KB.4 XBB.1.16.14 JD.1.1.1 EG.5.1.9 GJ.1.2.6 HK.27 FU.5 XBB.1.5.76 FL.18.1 GA.3 JG.3.2 HK.6 XBB.1.16.19 HK.31 JF.3 EG.7 HV.1.7 FL.15.3 XBB.1.5.27 HK.13.1 JD.1.2 XCP XBB.1.5.65 XBB.1.5.109 GK.1.10.1 EG.2.3 FT.3.1 XBB.1.5.61 XBB.1.5.74 JD.1.1.6 JM.1 FZ.2 EG.6.1.2 GU.1 KJ.1 EG.11 GK.1.11 XBB.1.5.94 XBB.1.31.2 GJ.1.2.3 XBB.1.5.19 XDG HV.1.8 EG.5.1.12 HK.20 EG.4.1 HJ.1 XBB.1.5.50 EG.5.1.14 EG.2.4 XBB.1.5.99 HZ.1 JF.1.1.1 XCF.2 XBB.1.5.49 XBB.1.5.88 XCG HK.30 JD.1.2.2 HE.1 FY.2.1 XBB.1.16.21 HK.29 XBB.1.16.27 XBB.1.16.18 GE.1.2.2 XBB.1.4.2 XBB.7 JR.1 KB.2 FL.24.1 EG.2.2 FL.31.1 JD.1.1.3 XBB.1.45.1 EG.1.2 XBB.1.37.1 FE.1.1.3 XBB.1.5.6 HK.13.2 HZ.2 FY.4.2	0.08740476 0.05113520 0.04509258 0.04203016 0.04158739 0.04153949 0.03617040 0.03025263 0.02932575 0.02893891 0.02506699 0.02404332 0.02336258 0.02192473 0.02129102 0.02076935 0.01932632 0.01853498 0.01611652 0.01506839 0.01476587 0.01463844 0.01312274 0.01197292 0.00916379 0.00813638 0.00813008 0.00770316 0.00709758 0.00581290 0.00572330 0.00571087 0.00570560 0.00441360 0.00421952 0.00378879 0.00370826 0.00344419 0.00339347 0.00317845 0.00316658 0.00313172 0.00307890 0.00307723 0.00300903 0.00292223 0.00272060 0.00254452 0.00253166 0.00249121 0.00243102 0.00240142 0.00238729 0.00232426 0.00227144 0.00221587 0.00218658 0.00216217 0.00213885 0.00212595 0.00209028 0.00194268 0.00193173 0.00187124 0.00181382 0.00181163 0.00180473 0.00179779 0.00179213 0.00178728 0.00175730 0.00174215 0.00173916 0.00173644 0.00170888 0.00170427 0.00168864 0.00167919 0.00165358 0.00163428 0.00160033 0.00158981 0.00155946 0.00154381 0.00153608 0.00151310 0.00149663 0.00149093 0.00147492 0.00145614 0.00144185 0.00143041 0.00142504 0.00138312 0.00138125 0.00135367 0.00130548 0.00128632 0.00125156 0.00124308 0.00123298 0.00123141 0.00117786 0.00114149 0.00113157 0.00112475 0.00111982 0.00111606 0.00110419 0.00109859 0.00107892 0.00104211 0.00102497	17.302768450520496	97.7059157944019
10.25.23.PLOCT23.R2__NA__NA__231027_WW__00X.variants.tsv	[('EG.5* [Omicron (EG.5.X)]', 0.6062080895035709), ('Other', 0.06296715976819313), ('XBB.1.5* [Omicron (XBB.1.5.X)]', 0.05880324120449072), ('XBB.1.16* [Omicron (XBB.1.16.X)]', 0.05625300677386331), ('XBB.1.9.2* [Omicron (XBB.1.9.2.X)]', 0.05107044483628975), ('XBB.1.9.1* [Omicron (XBB.1.9.1.X)]', 0.04357793682141668), ('XBB.2.3* (XBB.2.3.X)', 0.01959059283579835), ('XBB* (XBB.X)', 0.00368375621138346), ('BA.2.86* (BA.2.86.X)', 0.0017549998697477644), ('Omicron', 0.0010960551283986592)]	EG.5.1 HV.1.2 EG.5.1.16 HV.1 FL.1.5.2 XBB.1.9.2 HK.27 XDA EG.6 XCR HV.1.10 XBB.1.16.15 JF.1.1.2 JG.1 HK.30 XBB.1.5.68 JG.3.1 HK.8.1 HK.23 HK.7 XDJ EG.5.1.13 EG.5.1.4 XDC EG.5.2.3 JF.1.1 EG.5.1.14 FL.1.2 EG.5.1.7 JF.3 HA.2 EG.5.1.9 JD.1.1.1 FU.5 JS.1 XBB.1.5.76 GK.10 XBB.1.5.50 FL.32.1 HK.31 XBB.2.3.15 XBB.1.16.19 XBB.1.5.91 HV.1.7 XBB.1.16.14 XBB.2.3.16 FL.2.3.1 XCS HK.29 GK.1.7 XBB.1.5.96 HK.6 FL.2.1 EG.5.1.10 XBB.1.5.99 FT.1 JF.4 JG.3 JG.3.3 GS.4 HK.1.2 GE.1.2.2 JN.1.50.2 XBB.1.5.19 JD.1.1.6 GJ.4 XBB.1.5.78 HK.3.12 EG.2.3 EG.12 HZ.3 KB.2 GK.1.10 XCF.2 KB.3 FE.1.1.4 XCV JR.1.1 HF.1 GE.1.4 XBB.1.16.27 EG.5.1.15 GU.1 XBB.1.5.51 HT.1 KJ.1 HZ.1 EG.11 GM.1 EG.5.2.1 FE.1.1.5 EG.4.2 XBB.1.5.72 EG.5.1.5 GS.6 HK.3.4 EG.5.1.12 XDG JD.1.2.1 JU.1 BF.5.3 HB.1 FL.2.7 XBB.1.5.74 JJ.1 HZ.2	0.20020487 0.09386940 0.07253890 0.06524531 0.02913128 0.02376156 0.02257270 0.02201993 0.02174779 0.01902929 0.01820070 0.01536370 0.01487367 0.01382179 0.01150370 0.01134023 0.01103810 0.01028838 0.00961756 0.00841211 0.00832603 0.00815303 0.00745696 0.00715482 0.00688930 0.00597520 0.00559564 0.00535092 0.00512821 0.00451852 0.00415408 0.00407832 0.00384203 0.00376704 0.00353357 0.00346442 0.00345095 0.00328515 0.00327332 0.00326052 0.00324132 0.00309893 0.00291717 0.00273865 0.00273411 0.00258615 0.00257420 0.00248036 0.00231373 0.00230228 0.00227182 0.00223213 0.00222767 0.00222177 0.00221995 0.00214528 0.00211149 0.00206736 0.00206736 0.00202404 0.00185054 0.00179036 0.00175500 0.00175208 0.00173385 0.00167926 0.00165722 0.00164694 0.00161649 0.00156799 0.00153663 0.00149589 0.00148644 0.00146625 0.00145773 0.00143116 0.00138305 0.00138280 0.00132013 0.00130039 0.00125755 0.00125431 0.00124896 0.00124378 0.00123995 0.00123267 0.00123040 0.00121518 0.00119347 0.00117193 0.00116319 0.00116143 0.00115652 0.00115340 0.00114174 0.00114155 0.00112430 0.00110742 0.00110113 0.00110030 0.00109606 0.00108941 0.00102055 0.00101420 0.00101222 0.00100874	14.939926008307982	97.42166337825637
10.25.23.ENCOCT20.R2__NA__NA__231027_WW__00X.variants.tsv	[('EG.5* [Omicron (EG.5.X)]', 0.5508071164876212), ('XBB.1.9.1* [Omicron (XBB.1.9.1.X)]', 0.16561713165549308), ('Other', 0.08864654563699022), ('XBB.1.9.2* [Omicron (XBB.1.9.2.X)]', 0.04226036842557276), ('XBB.1.16* [Omicron (XBB.1.16.X)]', 0.03380966184656072), ('CH.1.1* [Omicron (CH.1.1.X)]', 0.031275713873853556), ('XBB.1.5* [Omicron (XBB.1.5.X)]', 0.011586657186585912), ('XBB* (XBB.X)', 0.0033615739912125145)]	HV.1.2 EG.5 EG.5.1 XDJ FL.1.5.2 XBB.1.9.2 EG.5.1.14 EG.5.1.1 EG.5.1.3 DV.7.1.4 HN.1 FL.25 XBB.1.9.1 HK.4 XBB.1.16.19 HK.3.2 JF.1.1 XDF EG.5.1.6 FL.6 FL.29 EG.5.1.13 XBB.1.5.13 FL.3.4 FL.1 HK.29 HK.30 HK.6 FL.1.5 FL.22 FL.16 HN.2 EG.5.1.16 DV.7.1.9 EG.5.1.10 EG.11 FL.24 FL.8 HK.22 XBB.1.16.32 HA.2 EG.9 XCV FL.2.3.1 XBB.1.16.27 EK.2 DV.7.2 JG.1 HK.3.12 FL.38 XBB.1.5.82 JF.3 FL.10.3 FL.1.2 XDG HK.3.4 FL.23.1 FL.4.6 FL.9 EG.2.3 EG.7 FL.32.1 KJ.1 EG.5.1.12 DV.7.1.8 FL.4.4 XBB.1.44.1 FL.4.9 FL.30 XBB.1.5.38 FY.6.2 FL.4.11 XBB.1.16.15 KG.1 HK.16 HU.1	0.15530503 0.13912986 0.10213154 0.07834701 0.04896120 0.03455002 0.03109343 0.03077303 0.02619865 0.02400380 0.02282753 0.02126762 0.01744021 0.01608003 0.01536283 0.01200842 0.01013382 0.00662688 0.00575256 0.00574884 0.00506922 0.00499502 0.00457909 0.00445132 0.00439518 0.00424757 0.00393038 0.00371913 0.00334979 0.00319651 0.00319398 0.00317947 0.00316790 0.00303718 0.00278221 0.00275528 0.00272047 0.00264337 0.00236084 0.00230852 0.00226755 0.00222316 0.00218855 0.00217684 0.00199963 0.00199727 0.00191326 0.00167937 0.00165672 0.00163829 0.00159214 0.00157563 0.00156679 0.00156312 0.00148410 0.00147163 0.00140470 0.00140200 0.00137568 0.00137337 0.00135854 0.00132990 0.00130988 0.00124895 0.00123730 0.00122146 0.00120629 0.00119972 0.00116033 0.00115060 0.00114602 0.00113360 0.00111935 0.00108417 0.00107484 0.00100926	14.664838727810618	96.09403738755309
11.01.23.PLOCT30.R1__NA__NA__231109_WW__00X.variants.tsv	[('EG.5* [Omicron (EG.5.X)]', 0.4548155226931968), ('XBB.1.9.1* [Omicron (XBB.1.9.1.X)]', 0.17838024617162326), ('XBB.1.16* [Omicron (XBB.1.16.X)]', 0.0817276696239418), ('XBB.1.9.2* [Omicron (XBB.1.9.2.X)]', 0.0625988477136304), ('XBB.1.5* [Omicron (XBB.1.5.X)]', 0.05903883109715669), ('Other', 0.04418563547168563), ('BA.2.86* (BA.2.86.X)', 0.011486573080082286), ('XBB* (XBB.X)', 0.008541368584334677), ('XBB.2.3* (XBB.2.3.X)', 0.0012329808311715101)]	HV.1 HK.19 FL.1.5.1 JF.1 EG.10 HV.1.1 HV.1.10 HN.5 JG.3 HN.1 FL.1.5.2 XBB.1.16.6 EG.5.1.15 FT.3.1.1 JF.1.1.2 XDJ EG.5.1.11 EG.5.1.13 XDN JR.1.1 EG.5.1.12 EG.7 XCP GK.1.1 HK.13.2 XBB.1.5.63 JF.1.1 HN.3 EG.5.1.9 EG.4.5 HK.6 FL.6 HZ.1 XDW JD.1.1.6 EG.11 HK.34.1 FL.8 FL.2.3.1 FL.2.1 FL.4.5 HK.31 EG.8 FL.33.1 XCR XDQ XCH.1 XCZ JF.4 FL.22 JG.3.1 HK.9 EG.14 FL.4.4 FL.9 XDT JD.1.2.2 FL.13.5 HV.1.9 HV.1.7 HK.13.1 JZ.1 FL.23 JD.1.1.4 MD.1.1.1 GG.1 EG.2.3 HK.3.12 FL.24 HT.1 FL.4.6 EU.1.1.3 XBB.1.16.15 XDG FL.20.1 JN.19 XCV XBB.1.16.27 EK.3 HV.1.4 HV.1.2 XBB.1.5.50 XBB.1.5.99 FL.39.1 XBB.1.5.105 MV.1.3.1 FL.1.8 JM.1 FL.32.1 JD.1.1.5 HV.2 HN.6 JD.1.1.1 XBB.1.5.109 GK.10 HJ.1 FL.30 KT.1.2 GB.2 FL.2.7 XDD.1.1.1 MP.1 LS.1 FL.3.4 HK.23 XBB.1.5.74 JN.3.2 XBB.1.34.1 GK.6 JW.1.1 FE.1.1.4 LS.2.1.1 FL.26 EG.2.1 HK.13.2.1 JQ.2 XCS XBB.1.27 JN.1.66 XBB.1.9.6 JB.1.1 FY.2.1 XBB.1.24.3 GA.10.1 JF.3 GK.4 EG.5.1.5	0.18197139 0.11138955 0.07678225 0.04247841 0.04185551 0.03033399 0.02559554 0.02191463 0.02154063 0.01652478 0.01562671 0.01525394 0.01398289 0.01288515 0.01119820 0.00955663 0.00930265 0.00831169 0.00820917 0.00702813 0.00650538 0.00630915 0.00626866 0.00583237 0.00572719 0.00521808 0.00498679 0.00474391 0.00459559 0.00393432 0.00373785 0.00360531 0.00351855 0.00327869 0.00317248 0.00315809 0.00307590 0.00305395 0.00283117 0.00281656 0.00270709 0.00261596 0.00248245 0.00246819 0.00243605 0.00240734 0.00234192 0.00233590 0.00225332 0.00224921 0.00208919 0.00207865 0.00207838 0.00207430 0.00199703 0.00192061 0.00191205 0.00191183 0.00190476 0.00189274 0.00188472 0.00183150 0.00180292 0.00171821 0.00171682 0.00169414 0.00168445 0.00168136 0.00167652 0.00165641 0.00165047 0.00162709 0.00162606 0.00161962 0.00160772 0.00159856 0.00154560 0.00152207 0.00151214 0.00148765 0.00146521 0.00145513 0.00144893 0.00144066 0.00143524 0.00140240 0.00140056 0.00139665 0.00139340 0.00137541 0.00135135 0.00134743 0.00133738 0.00133014 0.00126508 0.00124771 0.00124741 0.00123298 0.00122714 0.00121683 0.00121012 0.00120119 0.00119781 0.00118239 0.00117047 0.00116202 0.00114761 0.00114495 0.00113993 0.00112842 0.00111760 0.00110955 0.00110701 0.00109649 0.00109409 0.00106660 0.00105532 0.00105152 0.00104603 0.00103546 0.00103403 0.00102302 0.00102207 0.00101833 0.00101222 0.00100252 0.00100100	19.08122015738025	97.48185800755778
9.13.23.SBSEP07.R1__NA__NA__230922_WW__00X.variants.tsv	[('EG.5* [Omicron (EG.5.X)]', 0.3879486877950827), ('XBB.1.9.2* [Omicron (XBB.1.9.2.X)]', 0.16298662478507403), ('XBB.1.16* [Omicron (XBB.1.16.X)]', 0.1385802640035501), ('XBB.1.5* [Omicron (XBB.1.5.X)]', 0.09175742788905994), ('XBB.1.9.1* [Omicron (XBB.1.9.1.X)]', 0.08289531665727853), ('Other', 0.03817999229533936), ('XBB* (XBB.X)', 0.008678857789677424)]	EG.5.1.4 EG.2 HZ.1 HK.29 EG.6.1 XBB.1.16.1 HN.5 XCY FU.2 FL.2.4 XBB.1.16.19 HK.31 EG.5.1.1 EG.5.2 XBB.1.16.17 HV.1 XBB.1.16.11 EG.5.1.7 HK.23 FL.24 HK.27 EG.5.1.15 EG.5.1.13 EG.5.1.9 HK.30 EG.5.1.16 FU.5 GK.10 FL.22 HK.6 FL.2.3.1 EK.2.1 EG.2.2 FL.2.2 HN.6 JR.1 JG.4 EG.2.3 HV.1.7 XDG GY.9 XBB.1.16.21 XDL HK.17 KC.1 XBB.1.27 XBB.1.16.27 HK.13.1 GK.7 XBB.1.5.50 EG.5.1.2 FY.6.2 EG.6.1.2 HV.1.10 FL.1.8 FL.38 EG.11 GY.3 JF.3 XBB.1.16.10 HU.2 FY.2.1 XBB.1.16.25 EG.7 XBB.1.16.24 XBB.1.16.13 XBB.1.16.7 EG.14 FL.4.4 HL.1 EG.5.1.12 HR.1.1 EG.5.1.10 HK.3.12 XBB.1.9.6 FL.4.5 JJ.1 FL.2.7.1 HK.7 XBB.1.5.109	0.19641823 0.08252811 0.08083770 0.07041430 0.07034534 0.04102813 0.03468738 0.03431611 0.03135923 0.02551191 0.02270900 0.02191030 0.01920777 0.01837069 0.01698885 0.00877845 0.00846010 0.00588928 0.00484462 0.00467972 0.00415988 0.00391833 0.00355705 0.00317822 0.00306958 0.00292248 0.00274549 0.00273718 0.00253165 0.00249835 0.00246645 0.00243817 0.00240178 0.00233574 0.00232713 0.00216138 0.00210268 0.00201957 0.00198173 0.00193772 0.00193450 0.00193125 0.00192616 0.00189270 0.00187970 0.00187091 0.00179578 0.00179319 0.00177508 0.00171304 0.00170213 0.00169810 0.00157767 0.00151428 0.00150250 0.00149165 0.00146718 0.00146628 0.00143656 0.00140568 0.00137277 0.00136127 0.00135212 0.00134862 0.00132931 0.00132119 0.00131680 0.00129836 0.00127724 0.00124201 0.00121433 0.00120627 0.00114540 0.00114377 0.00113379 0.00112372 0.00109649 0.00108052 0.00106308 0.00104999	15.693021092523644	98.22760258168077
10.13.23.PLOCT11.R2.rerun__NA__NA__231023_WW__00X.variants.tsv	[('EG.5* [Omicron (EG.5.X)]', 0.4487057968277949), ('XBB.1.9.2* [Omicron (XBB.1.9.2.X)]', 0.12946492435073553), ('XBB.1.16* [Omicron (XBB.1.16.X)]', 0.10433376495703192), ('XBB.1.5* [Omicron (XBB.1.5.X)]', 0.06957481533783674), ('XBB.1.9.1* [Omicron (XBB.1.9.1.X)]', 0.05853954649210018), ('Other', 0.057872093344867724), ('XBB.2.3* (XBB.2.3.X)', 0.02887806232757661), ('XBB* (XBB.X)', 0.016698298392829967), ('Omicron', 0.0011518468451642498)]	EG.5.1.4 HV.1.1 XBB.1.9.2 EG.5.1 EG.5.1.3 XDJ XBB.1.16.19 XBB.1.16.13 EG.11 EG.5.1.13 HK.23 FL.1.5 HN.1 XBB.1.16.15 EG.5.1.6 FL.1.5.2 HV.1.5 HZ.2 HZ.1 HK.29 GK.1.2 XCH HV.1.6.1 EG.6.1 FL.1.2 JF.1.1.2 HK.3.12 XCZ XBB.1.5.63 FU.2 HK.26.1 XCR XBB.2.3.15 GS.1 EG.7 XBB.2.3.10 HK.15 FZ.2 EG.5.1.9 XBB.1.22.2 HK.20.1 GK.1.11 GA.3 XBB.1.16.31 EG.5.1.16 KN.1 GK.1.7 JE.1.1.1 HK.9 HV.1.9 JF.1.1.1 EG.2.4 EG.5.2.3 EG.5.2.1 XBB.1.5.82 XBB.1.16.27 FL.1.8 GJ.2 FL.32.1 FU.5 XBB.2.3.21 HV.1.2 EG.8 HK.11.1 HE.2 EG.4.1 EG.2.3 GE.1.4 EG.4.2 FY.6.1 GK.1.1 GK.1.3 HK.6 HA.2 XBB.2.3.9 EG.9.1 JD.1.1.6 FD.1.1 FU.1.1.1 EG.5.1.10 EG.5.1.12 HF.1.1 FL.4.5 GA.5 GK.1.6.1 KB.3 FY.4.2 HU.2 JG.1 XBB.2.9 FL.1.6 HK.13.1 XBB.1.5.109 XDG HV.1.7 XQ JU.1 KJ.1 HK.16 FY.2.1 GE.1.2.2 XBB.1.5.50 JB.1.1 XBL.1 HZ.3 EU.1.1.3 FT.3.1.1 FT.3.1 HN.7	0.10734786 0.10647881 0.08069549 0.05794916 0.04228398 0.03503546 0.03383063 0.02964237 0.02555110 0.02064290 0.01817171 0.01585738 0.01467804 0.01412278 0.01336280 0.01322318 0.01274310 0.01043870 0.01037370 0.01023349 0.01013101 0.00801603 0.00745268 0.00719631 0.00707831 0.00700541 0.00651522 0.00645330 0.00617484 0.00611772 0.00610954 0.00610883 0.00596280 0.00589527 0.00483451 0.00470929 0.00464684 0.00458222 0.00442478 0.00400395 0.00325677 0.00310009 0.00299154 0.00294196 0.00288184 0.00280065 0.00273693 0.00272130 0.00264055 0.00258398 0.00250627 0.00242669 0.00240964 0.00217623 0.00216011 0.00214500 0.00214077 0.00199176 0.00198343 0.00197029 0.00195804 0.00193498 0.00191910 0.00191842 0.00184884 0.00176990 0.00175825 0.00173606 0.00168634 0.00168513 0.00166224 0.00165955 0.00165460 0.00164474 0.00164204 0.00162723 0.00159812 0.00157978 0.00150150 0.00147239 0.00144578 0.00141273 0.00136494 0.00134423 0.00129832 0.00126263 0.00125137 0.00123748 0.00121617 0.00120773 0.00120144 0.00119514 0.00119065 0.00116564 0.00116337 0.00115185 0.00113766 0.00113710 0.00113045 0.00112803 0.00112384 0.00111463 0.00110962 0.00109283 0.00108138 0.00107569 0.00103093 0.00103093 0.00101206	14.307054305198122	96.09403738755309
9.27.23.SBSEP21.R2__NA__NA__230929_WW__00X.variants.tsv	[('XBB.1.16* [Omicron (XBB.1.16.X)]', 0.7960494446964386), ('XBB.1.9.1* [Omicron (XBB.1.9.1.X)]', 0.06811656254598264), ('EG.5* [Omicron (EG.5.X)]', 0.043978414201112676), ('XBB.1.5* [Omicron (XBB.1.5.X)]', 0.006910349780958952), ('XBB* (XBB.X)', 0.0038696327497377506), ('Other', 0.00346698890286155), ('XBB.1.9.2* [Omicron (XBB.1.9.2.X)]', 0.002951075831451805), ('XBB.2.3* (XBB.2.3.X)', 0.00255029511916456)]	XBB.1.16 XBB.1.16.12 XBB.1.16.19 HN.1 FL.1.5.1 HK.31 XBB.1.16.15 XBB.1.16.6 EG.5.1.4 XBB.1.16.17 XBB.1.16.29 HZ.1 HK.30 FL.22 FU.2 XBB.1.16.31 XBB.1.16.25 XBB.1.16.14 XBB.1.16.10 FL.10.1 FL.1.8 EG.5.1.12 XDG HK.3.12 HV.1.7 EG.2.3 FU.3 HK.9 HK.29 FL.4.4 FL.18.1 HV.1.10 XBB.1.16.30 XBB.1.27 XBB.1.16.18 FU.5 HK.13.2.1 XBL.1 HK.6 HK.24 GE.1.2.2 FL.2.2 HK.13.1 HK.23 KJ.1 XBB.1.16.32 XBB.1.16.7 EG.5.1.10 HN.7 FY.2.1 GG.1 FL.24.1 EK.3 JM.2 FL.2.3.1 XBB.1.16.27 GJ.1.2.5 HE.1 FL.4.6 EG.9.1 GN.1.4 FL.1.2 XBB.1.16.24	0.34415533 0.34415533 0.04646950 0.03232554 0.01778029 0.01422290 0.01128150 0.01115309 0.00678300 0.00670548 0.00385624 0.00352754 0.00342612 0.00341753 0.00329852 0.00319562 0.00296319 0.00257337 0.00245571 0.00210784 0.00209741 0.00203034 0.00200549 0.00199283 0.00196976 0.00191126 0.00188127 0.00184842 0.00178860 0.00173335 0.00161525 0.00159727 0.00159029 0.00158604 0.00158586 0.00157645 0.00150226 0.00146150 0.00145553 0.00143733 0.00143117 0.00138751 0.00132873 0.00132364 0.00129282 0.00128392 0.00127362 0.00127167 0.00125930 0.00122100 0.00119900 0.00119015 0.00116244 0.00116171 0.00115421 0.00113737 0.00111912 0.00106259 0.00104330 0.00103982 0.00102137 0.00100488 0.00100326	11.355201943136622	97.35478045681036
9.06.23.PLSEP04.R2__NA__NA__230911_WW__00X.variants.tsv	[('EG.5* [Omicron (EG.5.X)]', 0.3133548200150827), ('XBB.1.16* [Omicron (XBB.1.16.X)]', 0.14049890009271895), ('XBB.1.9.1* [Omicron (XBB.1.9.1.X)]', 0.13482095986374323), ('XBB.1.5* [Omicron (XBB.1.5.X)]', 0.13422335359750034), ('XBB* (XBB.X)', 0.05285199274319861), ('XBB.2.3* (XBB.2.3.X)', 0.04029538374949438), ('Other', 0.0395319823652382), ('XBB.1.9.2* [Omicron (XBB.1.9.2.X)]', 0.029113855283630256), ('Omicron', 0.003929500861497165)]	EG.5.1.4 HZ.1 JF.1 FL.1.5.1 HK.12 HK.19 EG.5.1.14 HN.1 HK.31 XDB GJ.1.2.6 HN.6 XBB.1.5.72 EG.6.1 HK.1 XBB.1.16.19 XBB.1.16.21 FU.1 HK.3.12 HV.1.1 XBB.1.5.6 XBB.1.16.18 HV.1.11 XBB.1.23 FL.2.4 JF.4 HK.9 FY.2.1 HU.1.1 XBB.1.16.7 EK.4 XBB.1.5.39 FT.3 XBB.1.16.8 XBB.1.16.20 XBB.1.16.15 FL.2.3.1 EG.5.1.9 XBB.1.9.7 XBB.1.42.2 XBB.1.16.11 XBB.1.5.88 HK.3.10 GJ.1.2.4 FL.22 FL.29 HC.3 GK.3.2 FL.4.8 XBB.1.16.27 FL.4.2 FU.4 EG.2.3 GJ.1.2.2 HK.30 XBB.1.5.76 HV.1.2 HU.1 JB.1.1 EG.2.4 EG.5.1.12 FL.13.5 FL.4.10 XBB.1.36 HU.2 XBB.2.10 HK.23 HK.6 KJ.1 XBB.1.5.109 XBB.1.5.50 XBB.1.27 FL.1.8 XBB.1.16.30 XCZ FW.3 FY.5.5.1 XBB.1.5.105 HL.1 HC.2 XBB.2.1 XBB.1.9.6 HK.3.3 XBB.1.5.82 XBB.1.16.10 XAU XBB.1.31 EK.2.1 FD.2 XCT.1 GN.3 EG.7 GY.8 EG.6.1.2 GG.1 XCR FU.5 FU.1.1.1 HK.13.1 XBB.2.9 JW.1.1 XDG EG.5.2.3 FL.4.4 GJ.1.1 HV.1.9 FL.10.3 FD.1.1 HV.1.4 JJ.1 JB.2.1 HV.1.10 BQ.1.1.75 HF.1.1 XCH.1 HK.3.4 HK.29 XCF.2 XCL HK.3.5 GS.6 BA.2.9.7 JF.3 FY.5.1.1 GJ.4 FY.1.4.1 GW.1.1 GJ.1.2.7	0.08853146 0.05553346 0.05198123 0.04605483 0.04019549 0.04004122 0.03288720 0.03231852 0.03093400 0.03002513 0.03000873 0.02529230 0.02420330 0.02141674 0.01692906 0.01259607 0.01207060 0.01050751 0.01046290 0.00878950 0.00848825 0.00781355 0.00767145 0.00761099 0.00657430 0.00635432 0.00602239 0.00591575 0.00564972 0.00529871 0.00502558 0.00471745 0.00471745 0.00453866 0.00412033 0.00407405 0.00394981 0.00376454 0.00357592 0.00350931 0.00350170 0.00340776 0.00326797 0.00320399 0.00316874 0.00310862 0.00299189 0.00298913 0.00295266 0.00293312 0.00283713 0.00263371 0.00259193 0.00252956 0.00251062 0.00243163 0.00235516 0.00230580 0.00216012 0.00214793 0.00211224 0.00207666 0.00207341 0.00207140 0.00206098 0.00206016 0.00203025 0.00201829 0.00199469 0.00193651 0.00184536 0.00183430 0.00180716 0.00178909 0.00178148 0.00177323 0.00177036 0.00176780 0.00175344 0.00174723 0.00172625 0.00170940 0.00170411 0.00170198 0.00166560 0.00163343 0.00158228 0.00157528 0.00155824 0.00150500 0.00150343 0.00148451 0.00147510 0.00147275 0.00145669 0.00144860 0.00143459 0.00142496 0.00140101 0.00135500 0.00134538 0.00133652 0.00131521 0.00131503 0.00130947 0.00130854 0.00129177 0.00126086 0.00125601 0.00124252 0.00120395 0.00119071 0.00118233 0.00118150 0.00116365 0.00114992 0.00114188 0.00113701 0.00113459 0.00112119 0.00111508 0.00111374 0.00110982 0.00109625 0.00109625 0.00108676 0.00105932 0.00103230	14.882241649696251	98.06373942413805
10.13.23.PLOCT10.R2.rerun__NA__NA__231023_WW__00X.variants.tsv	[('EG.5* [Omicron (EG.5.X)]', 0.2736575073959181), ('XBB.1.16* [Omicron (XBB.1.16.X)]', 0.1786475076815183), ('XBB.1.9.1* [Omicron (XBB.1.9.1.X)]', 0.13369315039953705), ('XBB.1.5* [Omicron (XBB.1.5.X)]', 0.13098060825109364), ('XBB.1.9.2* [Omicron (XBB.1.9.2.X)]', 0.081033489410411), ('XBB.2.3* (XBB.2.3.X)', 0.037275172954239114), ('Other', 0.03500244082067795), ('XBB* (XBB.X)', 0.009302499134721344)]	FU.2 EG.6 HN.1 HV.1 HK.23 XBB.2.3 HV.1.2 GV.1 JF.1 FL.1.5.1 FL.1.5 HK.1 XBB.1.16.6 EG.5.1.16 XBB.1.16.13 HK.27 XCY FL.1.5.2 EG.5.1.13 HK.8 XBB.1.5.68 XDJ HT.2 XBB.1.5.49 XBB.1.16.19 EG.5.1.7 FL.6 XBB.1.5.91 HK.13 EG.5.1.4 FU.1.1 HV.1.11 HK.15 XBB.1.5.8 GK.1.1.1 HV.1.7 FL.2.2.1 XCR JG.1 XBB.1.16.7 XCP FL.8 XBB.1.5.76 XBB.1.5.78 GU.1 XBB.1.5.88 HV.1.1 XBB.1.16.24 HK.14 GA.6.1 KC.1.1 HK.16 EG.5.1.9 FL.22 HK.6 JD.1.1.6 XBB.1.43.1 FL.24 EG.14 GK.2.3 HK.9 GK.10 KN.1.1 HN.3 XBB.1.27 XBB.1.16.27 HK.3.9 XBB.1.5.37 HV.1.5 EG.7 EG.11 GK.1.8 GK.1.7 HK.3.13 GK.7 XBB.1.5.82 GW.1.1 HK.3.12 XBB.1.5.61 HZ.2 JF.4 XDG XBB.1.5.50 EG.2.3 HR.1.1 XBB.1.45.1 HK.29 HK.1.2 XBB.1.5.94 FL.26 FL.1.3 HK.30 XBB.1.5.109 JU.1 KA.1 GK.1.11.1 GK.1.11 EG.4.1 XBB.1.5.81 FL.11 XBB.1.16.15 EG.5.1.15 XBB.1.5.5 XBB.1.16.16 HH.8.1 GR.1 HT.1 FL.20.1	0.07664545 0.07316951 0.04180668 0.03976155 0.03881560 0.03501934 0.03215247 0.03118220 0.02958958 0.02448203 0.02320392 0.02280930 0.02201807 0.02134949 0.02120292 0.01586970 0.01423472 0.01408622 0.01391420 0.01317631 0.01214872 0.01175881 0.01082467 0.01082467 0.00994801 0.00961538 0.00923077 0.00883639 0.00848060 0.00815227 0.00725080 0.00724288 0.00705329 0.00692113 0.00596821 0.00558601 0.00449006 0.00404200 0.00400696 0.00384615 0.00352043 0.00327502 0.00321964 0.00321285 0.00312312 0.00287738 0.00284173 0.00278067 0.00255568 0.00249066 0.00236931 0.00232019 0.00231267 0.00229961 0.00228245 0.00218484 0.00212967 0.00205985 0.00201358 0.00196757 0.00188268 0.00184738 0.00181077 0.00180601 0.00179569 0.00179211 0.00176056 0.00174774 0.00172414 0.00169004 0.00168113 0.00167404 0.00163934 0.00158604 0.00157059 0.00156840 0.00154036 0.00149629 0.00148121 0.00147629 0.00144963 0.00144648 0.00140607 0.00136515 0.00135501 0.00134612 0.00131363 0.00130293 0.00129422 0.00126240 0.00123153 0.00122299 0.00122268 0.00121364 0.00113960 0.00112182 0.00112182 0.00111408 0.00111166 0.00108738 0.00107275 0.00106952 0.00105988 0.00105137 0.00104219 0.00103413 0.00100656 0.00100236	17.041175754504756	98.44831622245259
9.29.23.PLSEP27.R1__NA__NA__230929_WW__00X.variants.tsv	[('EG.5* [Omicron (EG.5.X)]', 0.28232904200649833), ('XBB.1.16* [Omicron (XBB.1.16.X)]', 0.20548891491522997), ('XBB.1.5* [Omicron (XBB.1.5.X)]', 0.17809649247949738), ('XBB.1.9.1* [Omicron (XBB.1.9.1.X)]', 0.09720483696070441), ('Other', 0.06567194248702962), ('XBB* (XBB.X)', 0.04099063037421587), ('XBB.1.9.2* [Omicron (XBB.1.9.2.X)]', 0.014415934326745174), ('XBB.2.3* (XBB.2.3.X)', 0.009445414035262903)]	EG.5.1.4 JF.1.1 HN.1 XDJ XBB.1.16.19 FT.3.1.1 XBB.1.5.14 GK.1 GN.1 XBB HK.2 HV.1 EG.5.1.13 HY.1 XBB.1.5.68 EG.5.2.3 JF.1.1.1 EG.2 XBB.2.4 JF.4 GK.1.6.1 XBB.1.5.80 XBB.2.3.8 XBB.1.27 XBB.1.5.55 HF.1 XCZ EG.5.2 XBB.1.5.102 GK.10 XBB.1.5.35 EG.5.1.9 GS.5 XBB.3.1 HV.1.5 GK.1.7 EG.5.1.7 FG.3 GK.7 FD.3 FL.22 FL.24.1 XBB.1.16.15 HK.6 XBB.1.5.92 XDG XBB.1.5.99 HV.1.10 XBB.1.16.27 GN.1.4 FD.2 EG.2.4 EG.5.1.16 XBB.1.16.7 JR.1 HV.1.7 HK.29 HV.1.4 JD.1.1.6 XBB.8.1 EG.6.1 EG.14 FZ.2 XBB.1.5.105 XBB.2.1 FL.4.6 XCG GB.2 HP.1.1 XBB.8.2 XBB.1.16.8 XBB.1.16.25 FY.2.1 XBB.1.16.18 JB.1.1 EG.2.3 HH.8.1 GE.1.2.2 HE.1	0.19514153 0.13824561 0.09217016 0.05850464 0.03730580 0.03426737 0.02422082 0.02106036 0.02038271 0.02018100 0.01995272 0.01856628 0.01747710 0.01629390 0.01514951 0.00936755 0.00927038 0.00917319 0.00812087 0.00802504 0.00552486 0.00515824 0.00496227 0.00448814 0.00443658 0.00438766 0.00417948 0.00388397 0.00315757 0.00309510 0.00305425 0.00282885 0.00242033 0.00236635 0.00228050 0.00221057 0.00211416 0.00203178 0.00201084 0.00195482 0.00192539 0.00189422 0.00183755 0.00182078 0.00181130 0.00178019 0.00175693 0.00170651 0.00165017 0.00163413 0.00153959 0.00151860 0.00150015 0.00146003 0.00143594 0.00143266 0.00142959 0.00139077 0.00136799 0.00135662 0.00133631 0.00133374 0.00129471 0.00125661 0.00123862 0.00121507 0.00120764 0.00119417 0.00116311 0.00113498 0.00112296 0.00111359 0.00109824 0.00107013 0.00106867 0.00105409 0.00104493 0.00101789 0.00100582	15.06627301151074	97.94669431160753
11.01.23.SBOCT31.R2__NA__NA__231109_WW__00X.variants.tsv	[('EG.5* [Omicron (EG.5.X)]', 0.8338443091148723), ('XBB.1.5* [Omicron (XBB.1.5.X)]', 0.045606401069962686), ('XBB.1.9.2* [Omicron (XBB.1.9.2.X)]', 0.02234619888927556), ('Other', 0.015320176983376102), ('XBB* (XBB.X)', 0.002656445295258991), ('XBB.1.9.1* [Omicron (XBB.1.9.1.X)]', 0.0016531068831747307), ('A', 0.0010043472949796944)]	EG.5.1.1 HV.1 HK.3 EG.5.1.16 EG.10 XCY HK.23 XBB.1.5.59 XBB.1.5.80 EG.5.1.7 EG.5.1.6 HV.1.8 XBB.1.5.26 HK.29 HK.6 EG.5.1.4 GK.10 HK.13.1 HK.31 HV.1.2 HK.17 EG.5.2.3 XBB.1.5.10 XBB.1.5.99 XBB.1.5.57 FL.1.5.2 HK.15 XBB.1.5.35 FY.2.1 EG.8 HK.3.13 GK.6 JD.2 XBB.1.5.103 EG.11 EG.9.1 JJ.1 XBB.1.5.31 HK.3.2.2 HK.3.12 EG.14 XBB.1.5.109 XDL FG.3 HK.30 AP.1 EG.5.1.9 XBB.1.5.105 EG.4.2 XBB.1.34.1 XDG A.6	0.54666033 0.11679309 0.06439485 0.04561247 0.01584041 0.01208091 0.01178052 0.01131920 0.01098460 0.00749625 0.00620615 0.00462203 0.00451340 0.00356295 0.00295574 0.00293660 0.00285751 0.00264375 0.00228833 0.00227207 0.00222179 0.00218818 0.00182815 0.00173611 0.00165982 0.00165311 0.00163733 0.00163168 0.00162824 0.00154308 0.00154084 0.00151458 0.00145694 0.00144290 0.00139850 0.00136806 0.00133655 0.00131666 0.00131062 0.00121913 0.00116664 0.00116009 0.00114242 0.00111439 0.00109409 0.00108342 0.00107066 0.00107038 0.00102951 0.00102821 0.00101343 0.00100435	16.9944824273282	98.62221181821222
9.22.23.PLSEP19.R1__NA__NA__230929_WW__00X.variants.tsv	[('EG.5* [Omicron (EG.5.X)]', 0.3443254864658278), ('XBB.1.16* [Omicron (XBB.1.16.X)]', 0.21054761540767594), ('XBB.1.5* [Omicron (XBB.1.5.X)]', 0.0925323999575544), ('XBB.1.9.2* [Omicron (XBB.1.9.2.X)]', 0.0829960303888555), ('XBB.1.9.1* [Omicron (XBB.1.9.1.X)]', 0.08009334782320454), ('Other', 0.0361953053219005), ('XBB.2.3* (XBB.2.3.X)', 0.02548986369735944), ('XBB* (XBB.X)', 0.023168134800002696)]	EG.5.1.4 HK.29 XBB.1.16.19 HV.1.2 EG.6.1 HN.1 XBB.1.16.5 EG.5.1.16 JF.1 FL.1.5.1 EG.5.1.13 XBB.1.16.13 XBB.1.5.65 XBB.1.16.11 FU.1 HV.1 HF.1 XCZ EG.1.7 XCY HN.3 HK.27 EG.2 HZ.2 XBB.1.16.29 EG.5.1.3 FT.3 GK.1.8 GJ.1.2.6 EG.5.1.14 JF.4 EG.5.2.2 GJ.1.2.5 HK.23 XBB.1.42.2 HZ.1 EG.10.1 HF.1.1 EG.1.6 JG.3 HV.1.8 HK.9 FL.1.5 XBB.1.16.20 EG.2.5 GK.1.1 XBB.1.9.2 JM.1 EG.5.1.7 XBB.1.5.82 EG.5.2.3 XBB.1.45.1 EG.5.1.9 JG.1 JG.3.1 FU.5 XBB.1.16.31 XBB.1.16.7 XBB.1.16.27 JB.1.1 XDF EK.1 XBB.1.16.17 HR.1.1 XBB.1.16.10 EG.2.3 GS.4 HV.1.7 FT.3.1 GN.1.1 XBB.1.16.14 GK.1.6.1 HC.3 XDC HV.1.5 XBB.1.5.76 XBB.1.5.99 HN.4.2 XBB.1.5.94 HL.1 GK.1.7 XBB.1.5.27 EG.14 XBB.1.16.25 XDG XBB.1.16.24 XCV HS.1.1 FY.2.1 GG.1 FL.11 GJ.1.2.3 HT.1 XCM EG.11 XBB.1.5.105 FL.1.8 XBB.1.16.32 JW.1.1 JD.2.1 GS.7.1 XBB.1.16.30 GJ.2 GE.1.2.2 EG.5.1.2 XBB.1.16.15 HK.3.12 HA.2 HU.1.1 XDM HV.1.3 GW.1.1 FL.38 XBB.1.5.38 JJ.1 XBL.2 FU.1.1.1 HE.1 XBB.1.47.1 EG.1.8 EG.9.1 EG.5.1.12 GK.1.10.1 XBB.1.5.39 XBB.2.3.1 EG.5.2.1 XBB.1.9.6 FL.1.2 XBB.1.16.16 KJ.1 HV.1.6.1 HK.13.1 EG.2.1 XCU GA.7.1 HK.15 GE.1.5 GB.2 XBB.1.5.6 XBB.1.34.1 XCW	0.11850850 0.04535309 0.03742290 0.03719619 0.03349650 0.03255515 0.03081551 0.02644751 0.02600873 0.02420712 0.01638150 0.01535710 0.01419747 0.01397837 0.01321793 0.01314581 0.01300590 0.01106145 0.01083350 0.01081121 0.01057917 0.00915838 0.00871401 0.00840466 0.00818168 0.00810490 0.00808271 0.00782858 0.00776524 0.00757393 0.00745110 0.00736266 0.00714441 0.00670162 0.00640461 0.00596984 0.00596328 0.00593143 0.00590074 0.00560186 0.00557404 0.00552545 0.00526189 0.00507058 0.00505691 0.00393242 0.00379537 0.00377074 0.00339213 0.00332226 0.00331832 0.00331197 0.00326305 0.00317115 0.00314064 0.00310252 0.00308703 0.00294985 0.00276360 0.00272016 0.00264792 0.00250664 0.00248183 0.00246242 0.00245260 0.00233971 0.00233683 0.00231481 0.00222785 0.00221880 0.00210544 0.00207266 0.00205170 0.00198462 0.00196893 0.00196374 0.00194536 0.00193673 0.00190127 0.00189653 0.00188670 0.00181984 0.00180706 0.00175901 0.00175118 0.00168350 0.00165958 0.00160142 0.00159663 0.00159421 0.00158742 0.00158409 0.00158046 0.00156311 0.00153020 0.00152771 0.00152646 0.00151547 0.00151340 0.00148646 0.00147639 0.00146520 0.00145799 0.00145433 0.00141643 0.00141425 0.00139685 0.00136939 0.00135256 0.00132046 0.00131234 0.00130310 0.00128942 0.00128866 0.00128331 0.00127442 0.00127307 0.00125797 0.00125261 0.00122269 0.00121999 0.00120995 0.00120919 0.00120752 0.00118243 0.00116144 0.00115973 0.00114999 0.00114499 0.00113728 0.00113045 0.00111974 0.00111607 0.00110282 0.00109469 0.00109051 0.00108817 0.00107687 0.00107543 0.00102434 0.00101854	14.927284780066307	98.73591278467043
9.06.23.SBSEP05.R2__NA__NA__230911_WW__00X.variants.tsv	[('XBB.1.5* [Omicron (XBB.1.5.X)]', 0.38265705591726895), ('EG.5* [Omicron (EG.5.X)]', 0.2404956938315512), ('XBB.1.16* [Omicron (XBB.1.16.X)]', 0.13421934202207836), ('XBB.1.9.1* [Omicron (XBB.1.9.1.X)]', 0.05705461290480423), ('XBB.1.9.2* [Omicron (XBB.1.9.2.X)]', 0.048080952245674755), ('Other', 0.02481788793258988), ('XBB.2.3* (XBB.2.3.X)', 0.014283177995030745), ('XBB* (XBB.X)', 0.008896236498039979)]	EG.5.1.4 XBB.1.5.78 XBB.1.5.10 XBB.1.16.19 XBB.1.5.81 EG.2 JZ.1 HN.5 XBB.1.16.1 HZ.1 HN.1 HV.1 XCY XBB.1.5.9 FU.2 HY.1 JF.1 GJ.1.2.7 FL.1.5.1 XBB.1.16 EG.7 XBB.1.5.89 EG.5.1.9 XBB.1.5.96 EK.2.1 XBB.1.16.14 HW.1.1 GN.1.1 XBB.1.5.82 XBB.1.5.76 XBB.1.5.37 GB.2 XDA XBB.1.16.24 HV.1.3 GJ.1.2.4 XBB.1.5.31 XBB.1.5.109 HN.8 HA.2 XBB.1.16.25 GG.1 FU.5 XBB.1.5.77 XBB.1.16.27 JR.1 EG.14 HU.2 XBB.1.5.35 HV.1.7 GV.1 FD.3 GJ.1.2.6 JF.4 EG.2.3 XBB.1.16.10 XBB.1.5.106 FG.3 XDG GN.1.4 GE.1.2.2 XBB.8.1 HK.15 EG.5.1.12 JF.1.1 FE.1.1.3 GJ.1.2.2 XBB.1.16.7 XBB.1.5.69 GN.1.2 GW.1.1 XBB.1.5.74 FP.2.1.2 FT.1 XCF.2 XBL.1 FY.8.1.1 FT.3.1.1 HE.1 XBC.1.6.4 KJ.1 FL.2.2 XBB.1.5.61 FH.1	0.21288935 0.11565000 0.08572100 0.06797710 0.05322818 0.03898508 0.03216010 0.03034355 0.02372576 0.01874940 0.01715026 0.01483802 0.01393346 0.01257860 0.01018886 0.00914813 0.00772653 0.00770118 0.00657326 0.00628233 0.00587012 0.00554145 0.00435667 0.00416006 0.00370899 0.00366811 0.00363391 0.00335641 0.00295203 0.00294525 0.00290592 0.00270056 0.00257670 0.00237718 0.00235294 0.00235032 0.00222505 0.00204272 0.00197517 0.00196711 0.00194553 0.00188797 0.00186155 0.00183698 0.00181297 0.00174111 0.00173010 0.00172271 0.00170216 0.00164745 0.00163477 0.00160330 0.00159339 0.00156756 0.00149565 0.00149076 0.00149031 0.00147384 0.00146658 0.00143637 0.00137407 0.00134402 0.00134114 0.00132901 0.00131926 0.00130886 0.00126422 0.00124873 0.00123762 0.00121082 0.00120987 0.00120761 0.00119539 0.00113229 0.00109170 0.00107793 0.00107043 0.00104585 0.00104496 0.00103761 0.00102710 0.00101237 0.00101087 0.00100533	16.009208139936923	99.03019763903288
10.27.23.PLOCT25.R1__NA__NA__231027_WW__00X.variants.tsv	[('EG.5* [Omicron (EG.5.X)]', 0.4964467211132894), ('XBB.1.9.2* [Omicron (XBB.1.9.2.X)]', 0.11440810549357751), ('XBB.1.16* [Omicron (XBB.1.16.X)]', 0.08706845355981567), ('XBB.1.5* [Omicron (XBB.1.5.X)]', 0.06743096169129342), ('Other', 0.05547808126253463), ('XBB.1.9.1* [Omicron (XBB.1.9.1.X)]', 0.04810521601577231), ('XBB* (XBB.X)', 0.017158183879608657), ('XBB.2.3* (XBB.2.3.X)', 0.004227369617762872)]	HV.1.2 HV.1 EG.2 EG.5.1.4 EG.5 JF.1.1.2 HK.23 EG.5.1.16 XBB.1.16.19 XCY XDJ HF.1.1 JG.3.2 HN.1 EG.6 HK.27 HZ.1 EG.5.1.13 HK.17 EG.2.5 XBB.1.5.43 HK.8.1 HK.26 HN.5 HK.31 GK.1.2 FL.15.3 EG.4.5 JD.1 XCZ XBB.1.16.15 KB.4 JR.1 XBB.1.27 EG.5.1.7 GK.1.4 HK.30 XBB.1.16.27 HK.13 XBB.1.5.50 EG.5.1.17 GK.10 EG.11 XCG XBB.1.33 HV.1.5 JM.2 XBB.1.37.1 XBB.1.16.24 FL.22 EG.5.1.10 HK.20.1 XBB.2.3.17 HK.3.4 KJ.1 FL.29 HV.1.7 XBB.1.5.99 FL.4.9 XBB.1.5.34 XBB.1.16.6 EG.2.3 FL.32.1 HK.15 HK.6 XBB.1.16.20 GW.1.1 JD.1.2.1 HK.24 EG.5.2.3 KB.2 XBV XBB.1.5.57 XBB.1.21 KB.3 XBB.3.1 JD.1.1.6 FL.1.8 XDM HH.6 GK.1.8 FP.2.1.2 EG.6.1 JD.2 HN.3 EG.7 GB.2 XCM XBB.1.41.3 HH.8.1 FY.2.1 GG.1 XDG JJ.1 HK.29 JM.1 HK.22 XBB.1.45.1 FL.39.1 EG.9.1 XBB.1.43.1 HK.32 XCR	0.12573200 0.10612282 0.06784708 0.03722861 0.03392686 0.02868773 0.02358963 0.02330100 0.02152925 0.02150869 0.02074486 0.01914252 0.01870100 0.01785710 0.01778418 0.01774380 0.01625690 0.01619360 0.01495174 0.01397152 0.01354119 0.01258048 0.01218828 0.01197336 0.01100130 0.01038400 0.00782447 0.00769714 0.00642803 0.00528146 0.00467899 0.00442050 0.00412882 0.00351662 0.00332226 0.00325924 0.00319725 0.00310904 0.00308828 0.00283951 0.00268500 0.00261097 0.00210544 0.00210430 0.00207303 0.00207039 0.00201748 0.00201005 0.00194742 0.00193477 0.00192365 0.00190684 0.00184794 0.00177620 0.00176943 0.00176929 0.00176554 0.00174729 0.00169779 0.00166667 0.00165099 0.00162015 0.00161681 0.00161031 0.00158332 0.00148957 0.00142464 0.00142447 0.00140227 0.00139908 0.00138265 0.00134590 0.00133969 0.00131422 0.00129912 0.00129314 0.00127453 0.00125196 0.00124424 0.00124414 0.00122399 0.00122216 0.00121261 0.00117347 0.00115121 0.00115047 0.00114855 0.00114007 0.00113579 0.00113529 0.00111610 0.00111245 0.00110250 0.00108834 0.00108342 0.00104603 0.00103506 0.00103348 0.00102845 0.00101952 0.00101895 0.00101729 0.00100606	16.14262207090532	99.02685349296057
10.20.23.PLOCT17.R2__NA__NA__231027_WW__00X.variants.tsv	[('EG.5* [Omicron (EG.5.X)]', 0.4883143173879904), ('XBB.1.5* [Omicron (XBB.1.5.X)]', 0.14014323840944232), ('XBB.1.9.2* [Omicron (XBB.1.9.2.X)]', 0.07292054310671224), ('XBB.1.16* [Omicron (XBB.1.16.X)]', 0.0634451283388282), ('Other', 0.054034584446626774), ('XBB.1.9.1* [Omicron (XBB.1.9.1.X)]', 0.04437833299140143), ('XBB* (XBB.X)', 0.005581999558998121), ('BA.2.86* (BA.2.86.X)', 0.005418655797870103), ('XBB.2.3* (XBB.2.3.X)', 0.00239814595941699)]	HV.1.2 HV.1 HK.29 EG.5.1.16 EG.5.1.6 JD.1 HK.19 XDB XBB.1.9.2 FL.1.5.2 HV.1.8 HV.1.4 EG.2 HZ.1 EG.5.1.13 EG.5.1.4 XDJ XBB.1.16.16 XBB.1.16.17 HK.3.12 EG.5.1.3 JD.1.1.3 FU.2 XBB.1.5.35 HK.1.2 HK.8.1 EG.6.1 HK.27 HN.3 XBB.1.16.4 FU.5 JD.1.1.1 XBB.1.5.14 EG.5.1.7 GK.1.6 JD.1.1.2 HN.2 XCC EG.5.2.3 XBB.1.5.11 HV.1.7 HN.1 HN.5 EG.1.1 EG.7 XCP EG.5.1.9 XBB.1.5.26 XBB.1.5.31 EG.1.7 EG.14 XBB.1.5.108 GK.1.10 JG.3.1 JD.1.1.6 JF.4 EG.5.1.12 JD.1.1.5 GJ.1.2.2 FZ.2 XBB.1.5.94 EK.3 JD.2.1 XBB.1.5.99 XBB.1.16.18 MD.1.1.1 HF.1.1 HK.3.4 XBB.1.16.27 EG.2.3 EK.1 KB.3 EG.11 JG.1 EG.5.1.2 EG.1.2 FL.38 XBN EG.1.8 EG.4.2 JR.1.1.1 FL.24.1 JJ.1 JF.1.1.1 KJ.1 XBB.1.5.50 XBB.1.16.24 JN.3.3 FT.1 FL.24 XBB.1.34.1 XBB.1.9.6 GK.1.7 EG.12 HP.1 XDG HK.9 XBB.1.45.1 BA.2.86.5 MP.1 HK.13.1 EG.2.1 XBB.1.5.34 FL.1.8 HE.1 GK.1.8 FL.17 XDQ.2 FP.2.1.1	0.08402466 0.07306216 0.05246029 0.05062625 0.04108853 0.03959166 0.03222609 0.02800997 0.02440338 0.02105928 0.01931569 0.01906798 0.01860878 0.01689012 0.01592220 0.01559769 0.01555485 0.01449600 0.01444308 0.01429190 0.01429067 0.01398601 0.00984005 0.00942168 0.00837278 0.00827479 0.00813277 0.00779273 0.00624503 0.00616387 0.00611923 0.00584795 0.00564050 0.00503355 0.00481449 0.00463457 0.00430853 0.00389494 0.00369003 0.00360456 0.00345622 0.00331126 0.00325857 0.00319180 0.00300685 0.00294351 0.00293747 0.00287144 0.00273524 0.00270921 0.00267079 0.00262466 0.00260892 0.00256531 0.00251442 0.00249972 0.00244013 0.00239920 0.00239815 0.00235897 0.00235238 0.00231426 0.00212314 0.00211098 0.00209494 0.00194734 0.00193271 0.00187617 0.00186363 0.00181635 0.00172712 0.00169548 0.00168028 0.00167186 0.00162337 0.00161290 0.00155016 0.00149272 0.00145105 0.00143280 0.00136612 0.00135134 0.00134869 0.00134469 0.00132979 0.00131824 0.00131741 0.00130242 0.00127033 0.00124054 0.00123935 0.00119427 0.00117772 0.00114203 0.00113422 0.00112782 0.00112775 0.00110572 0.00108932 0.00107957 0.00106773 0.00106157 0.00104866 0.00103741 0.00103411 0.00102179 0.00101620 0.00101076 0.00100855	18.700505436086463	98.83958131291175
10.18.23.ENCOCT16.R1__NA__NA__231027_WW__00X.variants.tsv	[('XBB.1.9.1* [Omicron (XBB.1.9.1.X)]', 0.3089818912552757), ('EG.5* [Omicron (EG.5.X)]', 0.27801470596416555), ('XBB.1.9.2* [Omicron (XBB.1.9.2.X)]', 0.11250098023413328), ('Other', 0.09775627832828815), ('XBB.2.3* (XBB.2.3.X)', 0.056988759921445954), ('XBB.1.16* [Omicron (XBB.1.16.X)]', 0.052180064662631344), ('XBB* (XBB.X)', 0.017470285609965646), ('XBB.1.5* [Omicron (XBB.1.5.X)]', 0.004034050067639292)]	XBB.1.9.2 EG.5.1.6 FL.20 XBB.1.9.1 XBB.2.3 EG.5.1.4 FL.20.2 EG.5.1 FL.26 XDJ XBB.1.16.19 FL.6 XCY XBB.1.16.15 FL.1.5 EG.5.1.14 XCZ JG.3 JG.3.3 HV.1.2 KB.3 FL.29 XCC HK.30 HK.31 XCG EG.5.1.7 FL.8 XBB.2.9 FL.21.1 XBB.1.43.1 HA.2 JG.3.1 XBN FL.24 XBB.1.21 FL.4.4 FL.22 FL.2.3.1 XCQ XDG FL.23.1 EG.11 EG.5.1.10 FE.1.2 HK.6 EG.5.1.12 EG.2.3 FL.1.8 FL.32.1 EG.14 KT.1.2 KC.1 EG.8 FL.1.5.2 FL.13.3.1 FL.20.1 FL.13.5 FL.33 FY.2.1 FL.5 B.58 FL.18 FL.9 HK.27 EG.9 XCV FL.3.3 EG.5.2.2 FY.6.2 GA.4.2 XBB.1.24 XBB.1.37.1 GK.1.10 XBB.1.12	0.10477434 0.10045200 0.07508131 0.05744290 0.05548952 0.04943391 0.04646780 0.04378994 0.04078300 0.04074160 0.02898977 0.02663840 0.02564578 0.02319029 0.02080982 0.01872090 0.01295184 0.01192507 0.01192506 0.00990527 0.00880626 0.00660640 0.00550541 0.00489596 0.00412201 0.00348028 0.00340136 0.00338537 0.00325380 0.00317460 0.00308642 0.00301386 0.00295004 0.00277555 0.00275713 0.00267856 0.00260468 0.00232829 0.00231348 0.00222502 0.00201275 0.00194066 0.00190058 0.00185086 0.00177000 0.00173533 0.00173309 0.00165865 0.00161812 0.00156495 0.00156304 0.00149924 0.00144718 0.00143409 0.00142901 0.00141939 0.00141576 0.00141093 0.00137615 0.00132802 0.00132722 0.00126962 0.00125592 0.00123628 0.00122399 0.00117028 0.00114844 0.00114716 0.00114367 0.00111524 0.00110547 0.00107937 0.00104058 0.00102019 0.00101283	16.272709280518185	97.12069023174932
9.13.23.ENCSEP12.R1__NA__NA__230922_WW__00X.variants.tsv	[('XBB.1.5* [Omicron (XBB.1.5.X)]', 0.6019734428121168), ('XBB.1.9.2* [Omicron (XBB.1.9.2.X)]', 0.14128964669476238), ('EG.5* [Omicron (EG.5.X)]', 0.05815158145815879), ('XBB.1.16* [Omicron (XBB.1.16.X)]', 0.05311884163778575), ('XBB.1.9.1* [Omicron (XBB.1.9.1.X)]', 0.03009400495360963), ('XBB.2.3* (XBB.2.3.X)', 0.014368503086600082), ('Other', 0.012559424084205283), ('XBB* (XBB.X)', 0.006824185591770417)]	HY.1 EG.2 EG.6.1 EG.5.1.4 XBB.1.16.13 FL.20 HF.1 HN.3 GS.4 XDB GG.1 GK.1.1 XBB.1.5.82 GK.7 XBB.1.5.99 GJ.1.2.2 XCS EG.2.1 EG.5.1.10 HK.30 HV.1.1 FL.20.1 HK.6 XBB.1.16.31 XCR FY.2.1 FT.3.1 KJ.1 EG.5.1.12 XBB.1.16.30 HK.3.12 GN.1.4 EG.2.3 XBB.1.16.16 HF.1.1 XBB.1.16.27 GK.10 FY.6.2 HK.13.1 HH.8.1 XBB.1.16.29 HA.2 HK.31 XDL FT.1 XBB.1.16.7 JJ.1 FD.2.1 XDG EG.14 HV.1.7 XBB.1.5.109 HE.1 EG.4.2 XBB.1.5.97 HK.27 GK.6 XBB.1.47 JF.4 XBB.2.3.18 GE.1.2.2 XCT HU.2 JB.1.1 EG.2.4	0.57532016 0.06832341 0.06566317 0.03994564 0.02542640 0.01618271 0.01371272 0.01184447 0.00832568 0.00460635 0.00319489 0.00270776 0.00254153 0.00249053 0.00240220 0.00236407 0.00236239 0.00225734 0.00216797 0.00212239 0.00207891 0.00206683 0.00199964 0.00194553 0.00193059 0.00190295 0.00178887 0.00178228 0.00174520 0.00174185 0.00166783 0.00162101 0.00161744 0.00161625 0.00156762 0.00156128 0.00148258 0.00146152 0.00144262 0.00141200 0.00138007 0.00136986 0.00136986 0.00130459 0.00125707 0.00124477 0.00124397 0.00124262 0.00123265 0.00122670 0.00119556 0.00119372 0.00118133 0.00117994 0.00117647 0.00117199 0.00116234 0.00115875 0.00114007 0.00113852 0.00112824 0.00112286 0.00111964 0.00102184 0.00102165	12.957566969550857	97.35143631073805
9.29.23.PLSEP26.R1__NA__NA__230929_WW__00X.variants.tsv	[('EG.5* [Omicron (EG.5.X)]', 0.39475781263395215), ('XBB.1.5* [Omicron (XBB.1.5.X)]', 0.16029055011223695), ('XBB.1.9.1* [Omicron (XBB.1.9.1.X)]', 0.1150542964917262), ('XBB.1.16* [Omicron (XBB.1.16.X)]', 0.09072970540970235), ('XBB.1.9.2* [Omicron (XBB.1.9.2.X)]', 0.05814185204089767), ('Other', 0.03122090297524404), ('XBB.2.3* (XBB.2.3.X)', 0.019584923265094346), ('XBB* (XBB.X)', 0.010554046090094017), ('CH.1.1* [Omicron (CH.1.1.X)]', 0.005626877942705642), ('BA.2.75* [Omicron (BA.2.75.X)]', 0.0010999273729793853)]	EG.5.1.4 HK.19 EG.5.1.1 HV.1 FL.1.5.1 HV.1.2 EG.6.1 HN.1 GK.1.1 XBB.1.5.1 GK.3 FL.1.5 HK.31 EG.5.1.13 XBB.1.16.19 GJ.1.2.6 HV.1.5 XBB.1.5.35 HZ.1 FU.2 XBB.1.5.47 XBB.1.16.6 XBB.1.16.4 XBB.1.5.31 XDJ JD.2 JF.1 XBB.1.5.14 HV.2 EG.5.1.16 JZ.1 HY.1 XBB.1.16.13 EG.2.3 XBB.1.16.7 JM.1 EG.5.1.12 JF.4 XCT.1 EG.7 HV.1.6.1 XBB.1.5.100 EG.11 HF.1 HK.29 HK.23 XBB.1.5.59 FD.4 XBB.1.16.15 XBB.1.16.24 JG.1 XBB.1.16.27 XBB.1.5.17 CH.1.1.24 FL.2.4 XDL EG.5.1.9 FL.22 XCK XCP XBB.1.5.99 JC.4 FE.1.1.3 JD.1.1.6 XBB.1.16.32 XDG XBB.1.5.16 JD.1.1.5 FL.1.8 XBB.1.5.10 KN.1 HK.30 HC.2 HK.6 HA.1 XBB.1.16.25 DV.7.1.1 GY.9 XCV FL.13.5 FL.18.1.1 XBL.1 XCG XCH.1 KB.3 HK.13.1 XBB.1.16.5 HK.3.9 HK.28 HK.3.5 EG.9 GS.4 HK.3.12 XBB.1.45.1 GE.1.2.2 XCR KJ.1 FL.2.2 HV.1.7 JD.1.2.1 HH.8.1 HP.1 XCQ XBB.1.5.82 EK.3 JD.1.1.4 FL.30 HV.1.10 XBB.1.5.108 FL.20.1 JF.1.1.1 DV.7.1.9 XBB.1.27 HE.1 GJ.1.2.5 CA.1 EG.6.1.1 XBB.1.36 EG.12 EG.2.1 JD.1.1.3 GJ.5.1 FL.24.1 XBB.1.5.109 FL.1.2 FY.5.4 GK.1.6.1 GJ.6	0.08366885 0.07862880 0.05382284 0.04532172 0.04494148 0.04077900 0.03951127 0.03793848 0.01885069 0.01817917 0.01628913 0.01570983 0.01555970 0.01415090 0.01316211 0.01235334 0.01233550 0.01204550 0.01075573 0.01048712 0.01017031 0.00917903 0.00851120 0.00792773 0.00776965 0.00705521 0.00667642 0.00653811 0.00646906 0.00634309 0.00580219 0.00534398 0.00523527 0.00519804 0.00498753 0.00494315 0.00470478 0.00453028 0.00444444 0.00441799 0.00437962 0.00437580 0.00433246 0.00429942 0.00390344 0.00373246 0.00356940 0.00306309 0.00300579 0.00299833 0.00286549 0.00267296 0.00264793 0.00262897 0.00260547 0.00259448 0.00258028 0.00248439 0.00245223 0.00241216 0.00240369 0.00239962 0.00238673 0.00236247 0.00233323 0.00229700 0.00223933 0.00220258 0.00220192 0.00205091 0.00204028 0.00201872 0.00199275 0.00197214 0.00194596 0.00191459 0.00186981 0.00175175 0.00172674 0.00171990 0.00170320 0.00168058 0.00162746 0.00161031 0.00160944 0.00159226 0.00156348 0.00151143 0.00149031 0.00143882 0.00142146 0.00140596 0.00140471 0.00139885 0.00136888 0.00135012 0.00133649 0.00132024 0.00129641 0.00126796 0.00125915 0.00125911 0.00125573 0.00121216 0.00120434 0.00118624 0.00118043 0.00117805 0.00115046 0.00114346 0.00114155 0.00112810 0.00112233 0.00111566 0.00111421 0.00109993 0.00109824 0.00108776 0.00108131 0.00108108 0.00108059 0.00106506 0.00106114 0.00105899 0.00104436 0.00104310 0.00101877 0.00101833	15.320730278178896	98.4282513460188
10.20.23.PLOCT18.R2__NA__NA__231027_WW__00X.variants.tsv	[('EG.5* [Omicron (EG.5.X)]', 0.4884012451585968), ('XBB.1.9.2* [Omicron (XBB.1.9.2.X)]', 0.10631324386068375), ('XBB.1.9.1* [Omicron (XBB.1.9.1.X)]', 0.09319175451012773), ('Other', 0.07068266236832205), ('XBB.1.16* [Omicron (XBB.1.16.X)]', 0.055376959859828746), ('XBB.1.5* [Omicron (XBB.1.5.X)]', 0.04450981589620537), ('XBB* (XBB.X)', 0.011599138218280297), ('XBB.2.3* (XBB.2.3.X)', 0.007566903286230676), ('BA.2.86* (BA.2.86.X)', 0.0036296214156576263)]	HV.1.2 HK.19 EG.5.1.4 HK.12 XBB.1.9.2 HK.20.1 XCZ EG.6.1 XBB.1.16.19 HV.1 FL.1.5 HN.1 HK.23 XCQ FL.1.5.2 HK.8 HN.3 EG.1.5 XDJ HK.3.4 GK.1.2 HK.8.1 HK.7 HK.30 GK.1.3 HF.1.1 GK.1.6.1 JG.3 JG.3.3 FL.15.4 XBB.1.5.73 XCV GK.1.1.1 XBB.1.16.25 HC.2 XBB.1.15.1 XBB.1.16.10 EG.5.1.9 HK.16 JF.3 JC.2 XBB.1.45.1 HK.15 XBB.1.16.7 HK.13.1 HK.27 JF.1 JD.1.1.6 GJ.1.2.5 EG.11 EG.14 KC.1 FL.29 EG.5.1.10 XBB.1.16.27 KF.2 FL.24 HV.1.6.1 HK.31 FL.20.1 XCF.2 XDL HV.1.4 GS.4.1 EG.8 GK.1.2.1 GK.1.10 FL.32.1 HK.6 XCW HK.13 EG.2.4 FL.38 HK.29 EG.2.3 XBB.1.16.32 HC.1 FE.1.1.3 JQ.2.1.2 XBB.2.3.16 EG.5.1.12 XDD.3 HK.34.1 XBB.1.37.1 FL.22 JF.1.1.2 FL.4.5 KT.1.2 NL.2.1 HZ.2 EG.4.2 EG.7 HT.1 EG.5.2.3 EK.2 LE.1.3.1 GM.1 HK.3.10 HK.9 FL.4.2	0.11714900 0.07694772 0.06907288 0.05508942 0.05085602 0.03084830 0.03072755 0.03060285 0.03036970 0.02853789 0.02209339 0.01918791 0.01872440 0.01754466 0.01667711 0.01511308 0.01370893 0.01362935 0.01181048 0.01045910 0.01028487 0.00885675 0.00785888 0.00732064 0.00647668 0.00577826 0.00530504 0.00526114 0.00526114 0.00511260 0.00465907 0.00397081 0.00373653 0.00364561 0.00359583 0.00350095 0.00346004 0.00343221 0.00311671 0.00282314 0.00279676 0.00271592 0.00254159 0.00245700 0.00239843 0.00229455 0.00223155 0.00220329 0.00216450 0.00211443 0.00205723 0.00204041 0.00200280 0.00197608 0.00197269 0.00193682 0.00191939 0.00189227 0.00188727 0.00187888 0.00187066 0.00186116 0.00181923 0.00178287 0.00178135 0.00177688 0.00165261 0.00165245 0.00163855 0.00162103 0.00159848 0.00151157 0.00149467 0.00147145 0.00143898 0.00139724 0.00135563 0.00131540 0.00131509 0.00131176 0.00130817 0.00127632 0.00127033 0.00127011 0.00125766 0.00124173 0.00122003 0.00120361 0.00119454 0.00118624 0.00116303 0.00115844 0.00115229 0.00114613 0.00112486 0.00111999 0.00110416 0.00108755 0.00102191 0.00100870	18.316884434309827	99.10042470655118
9.06.23.ENCSEP05.R1__NA__NA__230911_WW__00X.variants.tsv	[('EG.5* [Omicron (EG.5.X)]', 0.3394581467471058), ('XBB.1.16* [Omicron (XBB.1.16.X)]', 0.2519013512843036), ('XBB.1.9.1* [Omicron (XBB.1.9.1.X)]', 0.08021564314131469), ('XBB* (XBB.X)', 0.06441097921402515), ('XBB.1.9.2* [Omicron (XBB.1.9.2.X)]', 0.0585504665687245), ('XBB.1.5* [Omicron (XBB.1.5.X)]', 0.045999896135361186), ('XBB.2.3* (XBB.2.3.X)', 0.03748466537687932), ('Other', 0.030228493637909384)]	XBB.1.16.1 EG.5.1.16 HK.23 XBB.1.16.19 FW.1 EG.5.1.3 EG.6.1 FU.2 HK.27 HN.1 EG.5.1.4 JF.1.1 HF.1 EG.5 FU.1 HK.6 FT.3.1 HN.2 JA.1 XCY JG.3 FL.1.5 XBB.2.3.15 HK.3.12 HK.9 HK.27.1 JG.4 FL.20 XDJ GK.1.1.1 XCZ EG.4.2 XBB.1.5.78 EG.4 XBB.1.5.48 HK.7 XBB.1.5.96 EG.5.2.3 FU.5 EG.2.3 HK.30 EG.2.4 XBB.1.5.76 XBB.1.5.82 XBB.1.37.1 HH.7 FE.1.1.3 FL.24 XBB.1.27 HN.7 XBB.1.5.61 XCP HK.29 FU.1.1.1 JF.1.1.1 FL.3.3 FL.1.8 HK.15 XBB.1.45.1 JB.1.1 HK.13.1 HH.1 XBB.1.16.27 GE.1.2.2 XBB.2.3.7 FL.20.1 HH.8.1 GK.1.10 XBB.1.16.31 GJ.5.1 XBB.1.9.6 XBB.1.5.109 EG.5.1.12 XBB.4.1 XBB.1.48 EG.9.1 FL.4.5 XBB.1.16.16 FL.2.3.1 HH.1.1	0.08527459 0.06295369 0.05984468 0.05394519 0.05251273 0.04764257 0.04301180 0.03700769 0.03409763 0.03171052 0.03051234 0.02768697 0.01900219 0.01888822 0.01847588 0.01742660 0.01699360 0.01666745 0.01489269 0.01437734 0.01296226 0.01247020 0.01229381 0.01098450 0.01028273 0.00929627 0.00856194 0.00771714 0.00755000 0.00657913 0.00620168 0.00562347 0.00423382 0.00369881 0.00360710 0.00359980 0.00357821 0.00308880 0.00273131 0.00258875 0.00252951 0.00252389 0.00239137 0.00230238 0.00228964 0.00227790 0.00226893 0.00223244 0.00222124 0.00216169 0.00212389 0.00209947 0.00209205 0.00201482 0.00200080 0.00195336 0.00188857 0.00186916 0.00174286 0.00171328 0.00169958 0.00150379 0.00149209 0.00147990 0.00145955 0.00136612 0.00135740 0.00133718 0.00124978 0.00121295 0.00114323 0.00113994 0.00112581 0.00112247 0.00110988 0.00110375 0.00103356 0.00102004 0.00101459 0.00100667	14.465175388040485	97.43503996254556
10.27.23.PLOCT24.R2__NA__NA__231027_WW__00X.variants.tsv	[('EG.5* [Omicron (EG.5.X)]', 0.6966146135187327), ('XBB.1.9.1* [Omicron (XBB.1.9.1.X)]', 0.11229941128548816), ('XBB.1.5* [Omicron (XBB.1.5.X)]', 0.03644763933981101), ('XBB.1.16* [Omicron (XBB.1.16.X)]', 0.034715034705135296), ('Other', 0.022621892960232336), ('XBB* (XBB.X)', 0.006512834995936175), ('Omicron', 0.0018782893569094644), ('XBB.2.3* (XBB.2.3.X)', 0.0011304982023296595), ('XBB.1.9.2* [Omicron (XBB.1.9.2.X)]', 0.001035189605099127)]	JG.3.3 JG.3 HV.1 HK.19 HK.12 FL.1.5 HV.1.2 EG.5.1.3 JD.1 XBB.1.16.19 XDJ EG.5.1.14 FL.15 HK.24 HN.5 XBB.1.16.4 HK.27 HN.1 HK.15 HK.7 FL.1.5.2 HN.4 FZ.1 FL.6 XCZ JG.3.1 EG.5.1.9 FL.22 HK.30 FL.8 FL.29 HK.13.1 GK.1.6.1 FL.24 XBB.1.16.16 FL.36 XBB.1.16.27 HV.1.4 FL.2.3.1 FL.3.4 XBB.1.25 HK.6 FL.24.1 HK.9 XY XBB.1.45.1 XBB.1.5.82 XBB.1.34.1 FL.4.6 JD.1.1.6 HK.16 XCR FL.38 FL.13.2.1 FL.1.2 HD.1.1 EG.5.1.10 HK.29 GK.1.7 HV.1.8 FU.5 XBB.1.5.50 XCV HK.34.1 GJ.1.2.4 KJ.1 HK.3.12 XBB.1.16.14 XDW HV.1.7 XCW FL.11 GN.1.4 EG.14 GA.4.2 HK.18 XDT	0.14425698 0.14425698 0.13689077 0.07409519 0.05559912 0.04115399 0.03816149 0.03014218 0.02082004 0.01639756 0.01315625 0.01271860 0.01105283 0.01091174 0.01050006 0.00990882 0.00827097 0.00734642 0.00622326 0.00597114 0.00527875 0.00484395 0.00479792 0.00447284 0.00369779 0.00353792 0.00345369 0.00341219 0.00328003 0.00314880 0.00287959 0.00282621 0.00264323 0.00254251 0.00253646 0.00245356 0.00244951 0.00229338 0.00214362 0.00209696 0.00205813 0.00205358 0.00198484 0.00190114 0.00187829 0.00182970 0.00175532 0.00159958 0.00156854 0.00154151 0.00152571 0.00150049 0.00147239 0.00147000 0.00143443 0.00140082 0.00135173 0.00134273 0.00128741 0.00123711 0.00123304 0.00115889 0.00115546 0.00114693 0.00113050 0.00111841 0.00109199 0.00107124 0.00106424 0.00105746 0.00104537 0.00104313 0.00104251 0.00103519 0.00102542 0.00101660 0.00100229	14.666054066758154	97.60893555830519
10.18.23.SBOCT17.R1__NA__NA__231027_WW__00X.variants.tsv	[('EG.5* [Omicron (EG.5.X)]', 0.6553815400501002), ('XBB.1.16* [Omicron (XBB.1.16.X)]', 0.08446152472009232), ('Other', 0.08000727541692748), ('XBB.1.5* [Omicron (XBB.1.5.X)]', 0.04244012628764357), ('XBB.2.3* (XBB.2.3.X)', 0.020590395227311556), ('XBB.1.9.2* [Omicron (XBB.1.9.2.X)]', 0.015148027794360908), ('XBB.1.9.1* [Omicron (XBB.1.9.1.X)]', 0.014629765909013593), ('XBB* (XBB.X)', 0.0130805824396924)]	EG.5.1.4 HV.1 EG.5.1.6 XDJ XBB.1.16.19 EG.5.1.15 XBB.1.16.27 HK.19 XCY XBB.1.5.35 HK.23 EG.5.1.13 GJ.1.2.6 HV.1.2 EG.5.1.7 EG.10 XBB.1.9.2 FL.1.5 GJ.1.2.4 HK.15 FT.3.1 HN.1 XBB.1.5.23 XBB.1.27 GJ.1.2.5 XBB.1.37 FD.2.1 FL.1.8 XBB.1.45 EG.5.1.12 FL.4.4 XBB.1.16.13 XBB.1.12 XCF.1 EG.5.1.3 JG.2 JD.1.1.4 HK.3.12 EG.5.2.4 JD.1.1.6 FL.38 HK.3.4 JJ.1 EG.11 EG.9.1 GW.1.1 XBB.1.21 FL.6 HD.1 HV.1.5 EG.5.1.17 XBB.1.5.109 HV.1.9 EG.6.1.2 JG.1 XBB.1.16.31 XBB.1.16.25 HV.1.6 FL.4.6 HK.13.1 HE.1 EG.5.1.10 HZ.2 HK.27 XBB.1.47 JD.1.2.1 XCM FU.5	0.32887755 0.12636049 0.05853909 0.04921201 0.04529966 0.03451920 0.03423620 0.03013630 0.02818416 0.02710845 0.01951238 0.01589560 0.01490751 0.01196575 0.00636942 0.00625991 0.00480484 0.00436068 0.00337693 0.00283056 0.00279352 0.00272673 0.00266857 0.00240384 0.00230595 0.00228297 0.00212652 0.00192594 0.00189869 0.00177970 0.00172831 0.00162553 0.00161485 0.00160304 0.00159521 0.00159521 0.00155763 0.00155473 0.00146935 0.00146914 0.00145692 0.00145330 0.00145075 0.00141808 0.00139273 0.00138060 0.00137741 0.00134264 0.00133501 0.00132100 0.00130820 0.00128156 0.00127673 0.00127245 0.00123725 0.00116911 0.00113026 0.00111221 0.00108855 0.00108801 0.00107758 0.00107066 0.00106667 0.00106287 0.00104464 0.00103305 0.00100805 0.00100076	15.999945271649546	98.23763501989767
10.04.23.SBSEP28.R2__NA__NA__231006_WW__00X.variants.tsv	[('XBB.1.16* [Omicron (XBB.1.16.X)]', 0.3207029723473332), ('XBB.1.9.2* [Omicron (XBB.1.9.2.X)]', 0.22512194176824188), ('EG.5* [Omicron (EG.5.X)]', 0.19044295688913762), ('XBB.1.5* [Omicron (XBB.1.5.X)]', 0.1366158651263657), ('Other', 0.04168935214849636), ('XBB* (XBB.X)', 0.009920905237537494), ('XBB.2.3* (XBB.2.3.X)', 0.008452241869897202), ('XBB.1.9.1* [Omicron (XBB.1.9.1.X)]', 0.005974105520240306)]	XBB.1.16.15 XBB.1.9.2 EG.5.1.4 HZ.1 XBB.1.16.17 EG.5.1.14 EG.1 EG.6 XBB.1.16.4 GY.3 XDC XBB.1.5.91 FU.1 XBB.1.5.94 EG.5.1.6 HK.17 XDF XBB.1.16.25 HK.19 XBB.1.16.10 XBB.1.5.5 XBB.1.5.78 XBB.1.16.2 XBB.1.5.68 XCF.1 HV.1.3 XBB.1.5.80 GJ.1.2 HK.7 FU.2.1 HK.29 XBB.1.5.76 EG.5.2.2 XBB.1.5.88 XBB.1.5.109 EG.7 XBB.1.5.61 GJ.1.2.5 FE.1.1.4 XBB.1.16.19 HR.1.1 EG.9 XBB.1.16.21 HK.6 XBB.1.5.27 XBB.1.16.27 HA.2 FL.38 XBB.1.16.30 XBB.1.16.32 HK.31 XBB.1.16.14 EG.11 XBB.3.1 XBB.1.5.11 XBB.1.16.29 XBB.1.47 FY.6.2 XBB.1.45.1 XCV EG.5.1.10 XBB.1.5.82 XBB.1.5.19 FL.24.1 XBB.1.16.5 FL.10.1 JF.3 XBB.1.5.50 FL.1.5 XBB.1.16.16 EK.1 HZ.2 XBB.1.16.7 JB.1.1 XCS HV.1.4 XBB.1.5.63 GA.8.1 XBB.1.5.99 GJ.1.2.4	0.16743131 0.16225439 0.10455364 0.04594590 0.03778643 0.03009660 0.02870333 0.02744859 0.02341280 0.02336450 0.02291929 0.02041093 0.01969696 0.01216165 0.01200816 0.01009744 0.00993333 0.00966184 0.00928171 0.00854701 0.00769231 0.00755723 0.00747865 0.00732334 0.00623558 0.00602016 0.00473290 0.00463514 0.00460081 0.00449438 0.00393701 0.00366038 0.00336699 0.00317723 0.00312613 0.00282890 0.00282885 0.00281690 0.00248668 0.00244755 0.00242018 0.00215250 0.00208623 0.00204708 0.00201410 0.00198413 0.00197432 0.00197044 0.00187970 0.00186219 0.00186104 0.00175624 0.00173423 0.00171821 0.00165906 0.00163934 0.00163855 0.00155158 0.00147493 0.00146908 0.00144109 0.00142383 0.00141543 0.00137566 0.00137557 0.00133628 0.00133349 0.00131234 0.00129173 0.00127878 0.00125235 0.00125039 0.00118587 0.00115607 0.00113208 0.00113122 0.00111136 0.00105096 0.00100959 0.00100020	14.96092181372796	94.34504899173996
10.04.23.SBOCT01.R1__NA__NA__231006_WW__00X.variants.tsv	[('XBB.1.16* [Omicron (XBB.1.16.X)]', 0.4483743912906235), ('XBB.1.9.2* [Omicron (XBB.1.9.2.X)]', 0.2275407542561163), ('EG.5* [Omicron (EG.5.X)]', 0.15103602439396263), ('Other', 0.05668406657688612), ('XBB.2.3* (XBB.2.3.X)', 0.04107025400152959), ('XBB.1.9.1* [Omicron (XBB.1.9.1.X)]', 0.019239273400854656), ('XBB.1.5* [Omicron (XBB.1.5.X)]', 0.005863752428314332), ('XBB* (XBB.X)', 0.0032878386482100472)]	EG.2 XBB.1.16.6 XBB.1.16.11 EG.5.1.14 XBB.1.16.15 XBB.1.16.21 XCZ EG.5.1.1 FU.1 XBB.2.3.11 EG.6.1 JF.1 FL.33.1 HK.7 XBB.1.16.13 HK.31 FU.2 FL.2.2 GY.3 JR.1 JM.2 FU.5 HK.6 XBB.1.16.19 HH.8.1 FL.39.1 XBB.1.16.30 XBB.1.16.27 HP.1.1 KJ.1 EG.6.1.2 HK.30 FL.32.1 FL.31.1 XCY JF.3 HK.13.1 XBB.1.5.82 GE.1.2.2 XBB.1.16.7 HK.17 EG.5.1.12 GS.4 HZ.1 FP.2.1.1 GY.9 XCV KM.1 XDL GW.1.1 HK.34 GE.1.5 XBB.2.9 XCG	0.19243016 0.11101280 0.08746311 0.08094950 0.07679523 0.07403058 0.05174900 0.04670413 0.04477609 0.03510556 0.03316204 0.02409117 0.01010099 0.00599524 0.00584789 0.00536082 0.00440338 0.00351696 0.00263212 0.00256848 0.00244300 0.00242171 0.00240821 0.00223713 0.00221668 0.00206186 0.00205620 0.00205243 0.00203559 0.00196848 0.00194855 0.00187266 0.00184496 0.00171451 0.00166770 0.00161774 0.00155424 0.00150650 0.00146814 0.00135436 0.00129787 0.00127822 0.00123609 0.00122279 0.00120212 0.00117096 0.00116428 0.00109887 0.00107586 0.00105373 0.00104666 0.00104378 0.00103199 0.00102722	16.881473075825404	95.98702471323948
9.13.23.PLSEP11.R2__NA__NA__230922_WW__00X.variants.tsv	[('EG.5* [Omicron (EG.5.X)]', 0.32006014660673815), ('XBB.1.16* [Omicron (XBB.1.16.X)]', 0.1658460652630311), ('XBB.1.5* [Omicron (XBB.1.5.X)]', 0.13013206234710045), ('XBB.1.9.2* [Omicron (XBB.1.9.2.X)]', 0.1024695681590121), ('XBB.1.9.1* [Omicron (XBB.1.9.1.X)]', 0.07501073948192664), ('XBB* (XBB.X)', 0.06278530998735497), ('XBB.2.3* (XBB.2.3.X)', 0.023134001479503865), ('Other', 0.014597016245199747)]	EG.5.1.4 EG.2 JF.1 EG.5.1.13 FL.1.5.1 XBB.1.16.19 JG.4 HZ.1 HK.23 HN.3 HV.1.2 HY.1 XBB.1.16.11 HV.1 HV.1.11 GJ.1.2.6 XBB.1.48 XBB.1.16.1 EG.6.1 XBB.1.5.73 HK.9 HK.3.12 FT.3.1 HK.27 HN.2 FD.2 XBB.1.5.45 GK.4 HF.1.2 XBB.1.16.5 XBB.1 FL.24 XDJ EG.5.1.9 EG.4.5 GJ.1 HP.1.1 GY.9 HK.15 KH.1 EG.5.2.2 XBB.1.16.14 HN.1 KA.1 HK.13.1 FU.5 HV.1.10 GK.10 XBB.1.27 XBB.1.16.15 XCR GV.1 EG.5.2.3 HR.1.1 XBB.1.5.27 GY.1.1.1 XCP XBB.1.31.2 FU.4 HL.1 XBB.1.34.1 XBB.1.15 KN.1 FL.32.1 GK.1.11 XBB.1.16.27 XBB.1.17 HK.6 JC.6 FE.1.1.5 JR.1.1 GW.1.1 GA.6.1 EG.5.1.12 XDG XBB.1.16.24 GK.7 HV.1.7 EG.11 XBB.1.5.94 GN.3 EG.2.1 HA.2 XBB.1.45.1 XBB.1.21 XBB.1.37.1 GU.1 FL.24.1 XBB.1.40 XBB.3.1 XBB.1.16.18 FD.3 JF.4 FE.1.1.4 FL.1.8 HK.31 EG.2.3 FP.2.1.2 XBB.7 GK.1.6.1 HK.29 GE.1.1 XBB.1.9.6 EK.2.1 JB.1.1 XBB.1.16.16 GK.1.8.1 GW.3 KJ.1 XBB.1.31.1 HK.13 GA.10.1 HV.1.5 XBB.1.5.98 GW.2 XBB.1.7 GB.2 HK.30 XAY.2.3 EG.9.1 EG.1.3 FL.18.1.1 HN.7 HV.1.6.1 XBB.1.5.50 HK.28 FY.1.4.1 FL.38 GJ.1.1 AP.1 XBB.1.47 XBB.1.5.90	0.13118359 0.07923696 0.06974485 0.02876906 0.02662693 0.02529350 0.02381928 0.02317880 0.02164702 0.02155385 0.01897980 0.01867087 0.01781339 0.01562242 0.01401899 0.01262947 0.01258880 0.01238915 0.01149855 0.01134394 0.00967435 0.00946348 0.00926661 0.00926037 0.00923678 0.00858461 0.00851602 0.00749280 0.00645364 0.00603217 0.00598242 0.00585231 0.00509979 0.00485100 0.00467101 0.00463564 0.00429116 0.00385344 0.00380562 0.00353864 0.00347865 0.00338602 0.00332385 0.00328793 0.00328275 0.00327727 0.00323785 0.00321609 0.00310337 0.00308935 0.00291433 0.00282528 0.00273224 0.00267094 0.00266934 0.00260040 0.00259601 0.00246696 0.00236686 0.00233481 0.00232154 0.00227915 0.00226655 0.00226091 0.00219216 0.00217037 0.00210199 0.00209644 0.00207351 0.00203365 0.00198877 0.00195149 0.00194354 0.00193539 0.00189240 0.00187250 0.00183442 0.00179553 0.00175593 0.00174978 0.00174609 0.00172712 0.00171453 0.00168499 0.00166424 0.00163345 0.00159508 0.00156049 0.00153344 0.00152652 0.00152230 0.00150021 0.00148107 0.00146609 0.00145321 0.00143513 0.00142847 0.00140358 0.00139470 0.00137650 0.00137639 0.00131933 0.00130799 0.00127953 0.00127135 0.00125945 0.00125078 0.00124466 0.00124034 0.00122681 0.00121985 0.00118546 0.00118168 0.00117994 0.00117697 0.00112013 0.00110906 0.00110035 0.00108694 0.00107839 0.00107314 0.00106682 0.00106370 0.00106303 0.00105097 0.00104112 0.00102775 0.00101189 0.00101092 0.00100756 0.00100731 0.00100072	15.956232974582388	98.08714844664415
11.03.23.PLOCT31.R1__NA__NA__231109_WW__00X.variants.tsv	[('EG.5* [Omicron (EG.5.X)]', 0.48409405713769554), ('XBB.1.16* [Omicron (XBB.1.16.X)]', 0.12617065600934332), ('XBB.1.9.1* [Omicron (XBB.1.9.1.X)]', 0.0938909606436765), ('XBB* (XBB.X)', 0.08387583184646791), ('Other', 0.06316726291495862), ('XBB.1.9.2* [Omicron (XBB.1.9.2.X)]', 0.03805402022397027), ('XBB.1.5* [Omicron (XBB.1.5.X)]', 0.018297134097727867), ('BA.2.86* (BA.2.86.X)', 0.004662082175829458), ('A', 0.0010281813955029266)]	HV.1 EG.5.1.6 XBB.1.42 XBB.1.16.20 EG.5.1.4 HN.3 FL.1.5.2 XBB.1.16.26 EG.6.1 HV.1.2 XDB XCH.1 JG.3 JG.3.3 JF.1 HN.5 XCZ XCH XBB.1.16.15 HV.1.3 XBB.1.16.19 FW.1 FL.29 FL.8 HV.1.7 XCP JF.3 XBB.1.34.1 JD.1.1 EG.5.2.3 EG.4.1 FL.6 XBB.1.16.25 JD.2.1 XDA XBB.1.5.82 HV.1.10 FL.24 GU.1 EG.5.2.1 FL.22 XBB.1.5.50 XBB.1.16.16 FL.4.4 JD.1.1.6 GD.2 XBB.1.16.24 XBB.1.16.27 EU.1.1.3 EG.5.1.12 FY.2.1 EG.9 EG.2.4 XBB.1.16.11 JF.4 HK.27.1 EG.4.2 HK.13.1 EG.6.1.2 JB.1.1 XDG FL.4.6 FU.5 FL.30.1 JD.1.2.1 FL.16 JN.3.1 EG.4.4 KJ.1 FL.1.8 XBB.1.47.1 XBB.1.15.1 HN.7 MD.3.1.2 FW.1.1.1 JN.1.57.1 XBB.1.16.32 FP.1 KB.1 KR.4.1 XBB.1.16.28 XBB.3.1 HK.14 HV.1.9 EG.5.1.9 FL.2.3.1 A.6 EG.2.3 HK.3.12 HV.2 GW.1.1 HK.34.1	0.21120691 0.16161171 0.06505466 0.05318419 0.03045488 0.02867142 0.02763390 0.02726059 0.02714184 0.01876169 0.01838705 0.01700924 0.01671310 0.01671310 0.01361284 0.01227427 0.01091204 0.00985347 0.00753493 0.00613497 0.00564294 0.00559124 0.00510577 0.00379702 0.00356506 0.00335946 0.00304878 0.00297697 0.00290613 0.00265252 0.00263296 0.00257052 0.00243902 0.00240577 0.00229303 0.00227766 0.00225108 0.00224618 0.00222952 0.00216263 0.00215054 0.00213068 0.00212239 0.00209825 0.00199147 0.00190304 0.00185578 0.00166138 0.00165639 0.00159065 0.00157978 0.00156740 0.00154354 0.00152107 0.00152005 0.00150369 0.00150207 0.00146321 0.00142908 0.00139130 0.00135298 0.00133690 0.00132353 0.00130947 0.00130822 0.00129032 0.00123905 0.00121359 0.00121212 0.00119119 0.00118765 0.00118730 0.00118554 0.00118205 0.00118064 0.00114512 0.00114478 0.00113543 0.00112812 0.00109586 0.00108625 0.00107106 0.00106496 0.00104080 0.00103950 0.00102966 0.00102818 0.00102354 0.00101772 0.00101626 0.00100806 0.00100150	20.097518706680912	98.17409624452397
10.18.23.PLOCT15.R2__NA__NA__231027_WW__00X.variants.tsv	[('EG.5* [Omicron (EG.5.X)]', 0.5320951168582992), ('XBB.1.9.1* [Omicron (XBB.1.9.1.X)]', 0.12437026317242741), ('XBB.1.16* [Omicron (XBB.1.16.X)]', 0.09918150732277689), ('XBB.1.5* [Omicron (XBB.1.5.X)]', 0.07511568355002421), ('XBB.2.3* (XBB.2.3.X)', 0.025037860673837377), ('Other', 0.015069214881882625), ('XBB* (XBB.X)', 0.009210876162444483), ('XBB.1.9.2* [Omicron (XBB.1.9.2.X)]', 0.005928099498179179), ('Omicron', 0.0021597739911617775)]	HV.1 EG.5.1.4 EG.5.1.6 FL.1.2 HK.19 HK.27 JJ.1 HK.23 HK.11 HV.1.1 JG.3.2 XBB.1.16.19 XBB.1.5.73 HN.3 FU.2 FL.6 JF.1 EG.5.1.16 XBB.1.16.15 JE.1 EG.5.1.12 GN.1.1 GK.1.1.1 HK.28 JF.1.1 HN.2 FL.1.5.1 GK.1.1 HK.2 HK.31 EG.5.1.9 XBB.1.16.4 EG.5.1.13 HZ.1 XCZ EG.5.1.7 FL.4.5 XBB.1.16.6 KK.1 FL.1.5.2 HK.13 GV.1 EG.5.2.3 HK.13.1 GK.1.4 KJ.1 XBV HV.1.2 FL.1.8 HK.15 FU.5 HK.3.13 EG.9 HK.30 FL.24 EG.2.3 XBB.1.27 GJ.1.2.1 GS.4 GJ.1.2.4 GK.8.1 EG.5.1.2 FL.1.5 XCQ HV.1.7 XBB.1.16.27 GJ.1.2.5 XCH.1 EG.5.1.15 HK.3.12 JG.3.1 FL.2.3.1 HA.2 HZ.2 XCR JF.3 HK.23.1.1 JF.4 GJ.6 JD.2 EG.5.2.1 HF.1.2 XBB.1.5.50 FL.22 FY.2.1 XBB.1.19.2 KC.1 XBB.1.5.102 HE.1 HV.1.10 XDG HV.2 XBB.2.3.18 JD.1.1.5 FL.2.2 EG.4.2 GB.2 HK.3.4 BW.1.1.1 CM.8.1.1 XBB.2.3.17 XBB.1.9.6 XBB.1.43.1 XBB.1.45.1 JF.1.1.1	0.08347616 0.07479703 0.06659200 0.05071490 0.04717624 0.03507010 0.02967210 0.02684233 0.02304344 0.02261790 0.02129000 0.01959281 0.01953862 0.01891612 0.01691837 0.01600378 0.01572707 0.01461790 0.01440030 0.01268765 0.01039277 0.00986786 0.00925018 0.00910470 0.00834771 0.00813448 0.00808621 0.00783046 0.00697450 0.00685533 0.00592593 0.00579860 0.00541156 0.00538972 0.00531012 0.00530501 0.00516739 0.00502761 0.00474076 0.00459108 0.00418207 0.00353709 0.00306492 0.00300792 0.00298115 0.00296684 0.00293945 0.00286099 0.00282586 0.00269542 0.00262683 0.00255102 0.00252158 0.00236220 0.00233432 0.00229588 0.00228311 0.00226114 0.00221571 0.00219476 0.00209801 0.00207254 0.00205303 0.00202722 0.00198216 0.00193911 0.00192620 0.00187970 0.00184230 0.00183222 0.00182198 0.00177565 0.00176866 0.00173643 0.00173240 0.00172671 0.00170358 0.00166038 0.00157480 0.00153367 0.00152050 0.00142720 0.00139644 0.00138340 0.00136752 0.00129127 0.00126951 0.00119714 0.00119133 0.00118040 0.00118033 0.00114526 0.00114025 0.00113953 0.00111453 0.00111064 0.00110998 0.00110466 0.00108731 0.00107246 0.00103735 0.00102902 0.00102543 0.00102319 0.00102197	17.128513359932782	97.81627261478782
9.20.23.SBSEP19.R2__NA__NA__230929_WW__00X.variants.tsv	[('Omicron', 0.9999803696121516)]	BQ.1.24 BA.5.5.1 BA.5.1.35 BQ.1.27 BQ.1.23 EF.1.2 BQ.1.1.23 BQ.1.14 BQ.1.31 BQ.1 BQ.1.7	0.25972715 0.23332575 0.16666657 0.14285603 0.11483506 0.04999952 0.02563689 0.00173335 0.00173335 0.00173335 0.00173335	6.283565850677101	17.827642711433636
11.01.23.SBOCT26.R1__NA__NA__231109_WW__00X.variants.tsv	[('XBB.1.5* [Omicron (XBB.1.5.X)]', 0.7110752480686345), ('EG.5* [Omicron (EG.5.X)]', 0.08527811906334899), ('XBB.1.16* [Omicron (XBB.1.16.X)]', 0.0779813209999303), ('XBB* (XBB.X)', 0.009956011477614041), ('XBB.1.9.1* [Omicron (XBB.1.9.1.X)]', 0.00957826479883033), ('Other', 0.006531757367468375), ('XBB.1.9.2* [Omicron (XBB.1.9.2.X)]', 0.005494845231611775), ('A', 0.0011911655000755594)]	GK.1.1 JF.1.1.2 GK.1 HV.1.2 EG.5.1.4 HV.1 EG.5.1.17 XBB.1.16.19 XBB.1.5.73 XBB.1.5.100 XCZ FL.22 JF.1.1.1 XBB.1.5.82 XBB.1.5.35 GK.1.5 EG.5.1.9 FU.5 XBB.1.37.1 XBB.1.45.1 HV.1.8 FU.1.1.1 GK.1.1.1 GK.7 GK.1.7 GK.10 EG.2.3 XBB.1.16.13 HK.13.1 EG.5.1.10 EG.5.1.12 XBB.1.27 HD.1 GK.1.10 XBB.1.16.27 FL.4.4 FL.24 EK.3 GK.6 HV.1.7 XBB.1.5.93 XBB.1.12 EG.4.2 JF.3 XBB.1.16.32 EG.9.1 FL.5.1 HV.1.4 XBB.1.5.34 A.2.5.3 HT.1 FY.2.1 JD.2.1 XBB.1.5.105 HZ.2 EG.1.2 FP.1 HP.1 XBB.1.5.109 GN.3 JM.1	0.62550021 0.05042489 0.03619613 0.02557641 0.01923653 0.01413835 0.01332378 0.01117326 0.00746772 0.00681025 0.00653176 0.00518583 0.00484193 0.00379827 0.00320558 0.00315166 0.00304034 0.00239254 0.00235156 0.00233645 0.00224182 0.00220145 0.00218677 0.00218162 0.00207700 0.00189798 0.00175694 0.00175222 0.00173540 0.00168618 0.00160213 0.00159943 0.00158601 0.00157497 0.00157356 0.00157354 0.00155362 0.00153040 0.00145613 0.00145173 0.00139018 0.00137914 0.00133756 0.00133184 0.00128344 0.00127878 0.00126528 0.00124545 0.00124146 0.00119117 0.00118624 0.00118405 0.00117792 0.00117575 0.00114285 0.00112156 0.00110539 0.00106605 0.00104088 0.00103322 0.00100619	18.526616536820903	98.17744039059626
10.04.23.ENCSEP27.R2__NA__NA__231006_WW__00X.variants.tsv	[('EG.5* [Omicron (EG.5.X)]', 0.2965003110098565), ('XBB.1.9.1* [Omicron (XBB.1.9.1.X)]', 0.251107140988085), ('XBB.1.16* [Omicron (XBB.1.16.X)]', 0.16304451125031466), ('XBB.1.9.2* [Omicron (XBB.1.9.2.X)]', 0.07345433297460299), ('XBB.1.5* [Omicron (XBB.1.5.X)]', 0.06402449356745817), ('Other', 0.02767176182501461), ('XBB.2.3* (XBB.2.3.X)', 0.022288411745282635), ('XBB* (XBB.X)', 0.022074822999976124)]	EG.5.1.16 FL.1.5.1 EG.5.1.6 EG.2 FL.26 FL.5 XBB.1.16.12 XBB.1.16 JG.2 EG.5.1.3 XBB.1.16.6 EG.5.1.2 HN.5 HN.1 XDJ EG.5.1.13 XBB.1.5.23 XBB.2.3.15 FL.10.1 HV.1.2 FT.3.1 XBB.1.16.10 HV.2 EG.6.1 HN.6 EG.5.1.4 HY.1 XBB.1.5.78 XCY XBB.1.16.14 XBB.1.16.4 EG.5.1.9 FL.21.2 XBB.1.5.76 GJ.4 FU.5 XBB.1.5.77 XBB.1.16.15 XBB.1.15.1 FL.6 GS.4 FL.40 XBB.1.16.19 JR.1 EG.6.1.2 XBB.1.5.19 EG.5.1.10 XCK JB.1.1 HF.1.1 XBB.1.16.25 FL.3.4 EG.7 XBB.1.16.32 HV.1.7 XBB.2.4 XBB.1.10 FL.23.1 FL.1.2 GE.1.2.2 XBB.1.37.1 XBB.1.5.82 XBB.1.27 HK.6 FU.2 FY.5.1.1 FL.1.8 XBB.1.5.99 HK.32 FL.15.4 XBB.1.5.6 FP.2.1.2 XBB.1.5.109 XBB.1.16.27 EU.1.1.3 FL.22 XBB.2.1 HP.1 FL.2.2 EG.5.2.4 HU.1 EG.5.1.12 FZ.2 XBB.1.12 XBB.1.5.88 XCW XCZ XBB.3.1 XBB.1.4.1 XBB.2.9 XBB.1.16.24 HA.2 FY.2.1 HV.1.10 XBB.1.5.50 EG.2.3 FY.5.2 GJ.7 XBB.1.16.18 XBB.1.5.61 XBB.2.3.17 XBB.1.5.9 XCQ FL.8 FL.39.1 EG.9.1 EG.4.2	0.09126016 0.07818922 0.05748395 0.05721478 0.04880269 0.04708399 0.04669974 0.04669974 0.03457620 0.03457618 0.03028153 0.01818180 0.01813023 0.01700695 0.01659345 0.01480480 0.01319418 0.01230585 0.01077729 0.01023447 0.01011266 0.00980392 0.00949395 0.00871183 0.00842017 0.00821389 0.00785929 0.00618557 0.00548874 0.00490963 0.00473419 0.00432900 0.00413223 0.00398639 0.00328376 0.00323288 0.00308321 0.00297283 0.00290717 0.00286060 0.00283286 0.00281582 0.00256893 0.00251482 0.00242522 0.00238806 0.00233168 0.00221043 0.00213443 0.00208367 0.00202429 0.00199468 0.00197431 0.00193320 0.00185701 0.00184332 0.00178947 0.00177741 0.00172499 0.00172080 0.00171038 0.00170454 0.00164813 0.00163043 0.00161818 0.00147747 0.00146304 0.00146199 0.00141443 0.00134063 0.00133988 0.00131492 0.00130412 0.00128342 0.00128110 0.00128041 0.00127647 0.00127225 0.00125681 0.00125126 0.00124367 0.00124108 0.00122697 0.00120828 0.00117046 0.00116617 0.00116212 0.00115828 0.00115665 0.00114989 0.00113378 0.00111483 0.00110865 0.00110520 0.00108903 0.00108696 0.00108208 0.00108187 0.00106458 0.00106406 0.00106328 0.00105150 0.00105085 0.00102819 0.00102181 0.00102093 0.00102029	18.767998790434014	96.31140688225261
9.22.23.PLSEP20.R1__NA__NA__230929_WW__00X.variants.tsv	[('EG.5* [Omicron (EG.5.X)]', 0.4689722406190496), ('XBB.1.16* [Omicron (XBB.1.16.X)]', 0.14066886417689492), ('XBB.1.9.1* [Omicron (XBB.1.9.1.X)]', 0.09676084539292315), ('XBB.1.5* [Omicron (XBB.1.5.X)]', 0.08494991600676148), ('XBB.2.3* (XBB.2.3.X)', 0.02185845003828016), ('XBB.1.9.2* [Omicron (XBB.1.9.2.X)]', 0.019915702410185462), ('XBB* (XBB.X)', 0.018234518561791306), ('Other', 0.012396273611803914), ('CH.1.1* [Omicron (CH.1.1.X)]', 0.004529751416385231)]	HK.29 EG.5.1.4 EG.5.1 HV.1 XBB.1.16.19 JF.1 HK.27 HN.1 FL.1.5 EG.5.1.3 XBB.1.16.23 HV.1.2 EG.5.1.13 HZ.1 XBB.1.5.10 HK.3.12 HN.2 HK.9 GK.3 EG.6.1 FL.1.1.1 JF.4 FU.2 XBB.1.16.11 XBB.1.16.1 EG.5.1.2 HU.1.1 FL.1.5.2 XBB.1.16.4 FL.10.1 XCH.1 DV.7.1.6 GN.1.4 HK.31 HV.1.1 FU.5 XBB.2.3.7 GK.4 HK.15 JS.2 XCZ EG.5.1.9 XBB.1.5.108 HH.2 JD.2.1 EG.1.5 FL.2.4 XBB.1.42.2 EG.1.2 KB.4 HC.3 EG.5.1.7 XBB.1.5.99 FL.22 EG.1.3 GK.10 JG.4 EG.5.1.17 FL.10.3 JD.1.1.5 FL.29 XCM XBB.2.3.9 EG.5.1.16 HK.13.1 HV.1.5 FL.24.1 HN.6 XBB.1.35 HK.34.1 GK.7 FL.2.3.1 GJ.1.2.5 EG.5.1.10 XBB.1.16.27 HZ.3 EG.5.1.12 GR.1 EG.2.4 HH.1 FL.20.1 FL.9 HP.1.1 HH.8 HC.4 EG.2.3 XBB.1.16.18 XBB.1.5.82 XDG FT.3.1.1 EK.1 XBB.1.16.15 XBB.1.16.32 XBB.1.16.10 XBB.1.27 GY.6 HK.22 HU.2 XBB.1.5.38 HN.4.2 JD.1.2.1 GK.5.1 XBL.1 XBB.1.5.50 XBB.1.34.1 GA.4.2 KJ.1 GY.2 GS.4 FU.3.1 GJ.1.2 XBB.1.47 XBB.2.3.1 XBB.1.12 HV.1.7 GJ.1.2.2 HK.3.4 EG.9.1 GK.1.10 GJ.6 KB.3 XBB.1.5.90 FU.4 FL.4.6 XBB.1.5.109 HV.2 XBB.1.9.6 XBB.1.5.103 FL.6 EK.2 FL.13.5 FU.1 KB.2	0.12676377 0.08571146 0.05438862 0.05174303 0.04424510 0.02816538 0.02687130 0.02621182 0.01966387 0.01955206 0.01953027 0.01914541 0.01564490 0.01530830 0.01505000 0.01180200 0.01091005 0.01003740 0.00923809 0.00800000 0.00796943 0.00731461 0.00729037 0.00602005 0.00582331 0.00565709 0.00548776 0.00489578 0.00485270 0.00465361 0.00461998 0.00452975 0.00435938 0.00391862 0.00386459 0.00345428 0.00344655 0.00341368 0.00325871 0.00317131 0.00313959 0.00298226 0.00280433 0.00279874 0.00276776 0.00276557 0.00265416 0.00262190 0.00259507 0.00259038 0.00257322 0.00254777 0.00252759 0.00247966 0.00244798 0.00243947 0.00238653 0.00237139 0.00225994 0.00213079 0.00207422 0.00201859 0.00201527 0.00198807 0.00198312 0.00198020 0.00195031 0.00186773 0.00185362 0.00180636 0.00174169 0.00174087 0.00174034 0.00173508 0.00169561 0.00166072 0.00157497 0.00155581 0.00153621 0.00153511 0.00153202 0.00152016 0.00151994 0.00146838 0.00146000 0.00145996 0.00145103 0.00144403 0.00141101 0.00134484 0.00133525 0.00131670 0.00130511 0.00128826 0.00127857 0.00127551 0.00127057 0.00126765 0.00126761 0.00125489 0.00124696 0.00123196 0.00120710 0.00120482 0.00119859 0.00119752 0.00118718 0.00117924 0.00117771 0.00117730 0.00115451 0.00114468 0.00114120 0.00113473 0.00113195 0.00112396 0.00112296 0.00111091 0.00109540 0.00108536 0.00108186 0.00108179 0.00107898 0.00106985 0.00106660 0.00105093 0.00104950 0.00104703 0.00103414 0.00103285 0.00101833 0.00101788 0.00100886	15.813418083976321	99.62545563990236
10.25.23.SBOCT24.R1__NA__NA__231027_WW__00X.variants.tsv	[('EG.5* [Omicron (EG.5.X)]', 0.5345929150825943), ('XBB.2.3* (XBB.2.3.X)', 0.12238194093271312), ('XBB.1.9.2* [Omicron (XBB.1.9.2.X)]', 0.10113567781114098), ('XBB.1.9.1* [Omicron (XBB.1.9.1.X)]', 0.06311483154425163), ('Other', 0.0541012156365367), ('XBB.1.16* [Omicron (XBB.1.16.X)]', 0.013027648426488153), ('XBB* (XBB.X)', 0.011110737211455094), ('XBB.1.5* [Omicron (XBB.1.5.X)]', 0.010057820315346765)]	EG.5.1.1 HV.1.2 GS.4 XBB.1.9.2 HK.3.12 XDB HN.1 FL.1.5 EG.2 HK.8.1 HK.23 EG.6.1 FL.1.5.1 JF.1.1 HK.11 EG.5.1.7 FU.5 XBB.1.5.109 EG.5.1.15 XBB.1.5.35 FG.3 HK.29 HK.31 FE.1.1.4 XBB.1.16.27 HV.2 EG.5.2.2 FL.1.2 XCQ EG.4.1 HV.1.10 XBB.1.16.32 XCF EG.4.2 HU.2 XBB.2.3.18 FL.23.1 FY.2.1 XCP EG.2.4 HK.23.1.1 EG.11 FL.1.8 HK.6 HV.1.7 HK.30 XDG XBB.1.37.1 HK.17 GA.4.2 JF.3 HK.27 XBB.1.7 HN.3 XBB.1.5.34 XBB.2.3.15 XDA XBB.1.24 HK.3.2 JD.1.2.2 HV.1.6 XBB.1.18.1 EG.5.1.12 GJ.6 GJ.5	0.30146387 0.12597408 0.11771700 0.06174513 0.04845630 0.04681174 0.02491212 0.02024190 0.02016571 0.01394830 0.01319184 0.01302740 0.01207799 0.00499505 0.00394134 0.00353357 0.00329593 0.00272094 0.00271592 0.00254323 0.00248293 0.00247219 0.00226831 0.00215583 0.00190251 0.00189036 0.00184911 0.00184536 0.00183993 0.00182315 0.00165792 0.00160496 0.00158001 0.00154847 0.00150084 0.00147929 0.00144509 0.00143988 0.00143318 0.00142369 0.00141443 0.00140213 0.00138889 0.00137207 0.00133393 0.00128949 0.00126605 0.00126263 0.00125927 0.00125048 0.00122919 0.00121409 0.00120606 0.00120348 0.00117371 0.00117277 0.00117031 0.00116606 0.00115559 0.00113701 0.00112946 0.00112895 0.00106148 0.00100806 0.00100482	14.059644306162653	98.20753770524696
9.20.23.ENCSEP19.R1__NA__NA__230929_WW__00X.variants.tsv	[('EG.5* [Omicron (EG.5.X)]', 0.46427827488456275), ('XBB* (XBB.X)', 0.1264812406566652), ('XBB.1.9.2* [Omicron (XBB.1.9.2.X)]', 0.10601202001693234), ('XBB.1.16* [Omicron (XBB.1.16.X)]', 0.09905699062874249), ('XBB.1.5* [Omicron (XBB.1.5.X)]', 0.048306710751392694), ('XBB.1.9.1* [Omicron (XBB.1.9.1.X)]', 0.02401076983182743), ('XBB.2.3* (XBB.2.3.X)', 0.02155184587570011), ('Other', 0.012767209284834258)]	EG.5.1.4 EG.5.1.1 HV.1 EG.6.1 XBB.1.9.2 XBB.1.8 HK.3.12 XBB.1.16.19 XBB.1.16.6 XBB.1.9 XBB.1.42 XBB.1.29 XBB.1.16.1 EG.6 HN.2 XBB.2.3.8 HK.5 FT.3.1 XCV HK.15 JF.1 GK.1.1 XBB.1.5.77 EG.7 FG.3 XBB.1.5.78 EG.2.3 XBB.1.5.76 FZ.2 JF.3 XCQ FL.22 GK.10 XBB.1.5.108 XBB.1.35 XBB.1.16.13 JF.1.1.2 FL.20 HK.13.1 HK.17 HK.3.13 FU.5 HK.6 HV.1.7 XBB.1.5.38 EG.9 XBB.1.27 FL.4.4 HH.8.1 XBB.2.3.16 XBB.1.18 FU.4 FL.1.5.2 XBB.3.1 XCG XBB.1.5.61 XBB.1.43 EG.2.4 XBB.2.3.18 HV.1.2 XBB.1.5.19 EG.11 EG.5.1.10 HK.31 XBB.1.47 EK.2 EG.14 XBB.1.45 XDG FY.2.1 XBB.1.5.82 XBB.1.5.37 HK.11.1 XBB.1.5.27 KJ.1 HK.29 FL.1.8 GS.8 XBB.1.5.60 GJ.6 HU.2 XCZ XBB.1.45.1 XBB.1.37 XBB.1.9.6 FL.1.2 XBB.1.7 XBB.1.16.24 GK.1.11.1 FP.1 XBB.1.16.27 EG.4.2 HL.1 EG.6.1.1 GJ.4 EG.5.1.5	0.19250235 0.15430141 0.04899878 0.03605860 0.03602821 0.03514380 0.03267471 0.03167230 0.03014430 0.02999400 0.02068528 0.01893205 0.01773850 0.01757290 0.01322211 0.01292900 0.01131048 0.00751548 0.00572156 0.00567285 0.00462849 0.00446614 0.00430016 0.00423729 0.00421941 0.00395555 0.00345213 0.00304536 0.00292988 0.00284900 0.00278046 0.00255754 0.00252746 0.00250961 0.00250292 0.00242164 0.00228100 0.00227967 0.00217559 0.00214492 0.00214133 0.00211732 0.00209023 0.00208955 0.00197302 0.00194301 0.00187768 0.00183326 0.00181884 0.00176866 0.00176014 0.00173536 0.00172158 0.00167954 0.00167160 0.00166667 0.00165289 0.00162602 0.00160256 0.00157213 0.00154594 0.00153144 0.00152638 0.00152022 0.00149794 0.00146359 0.00145510 0.00142139 0.00140732 0.00133333 0.00130860 0.00130548 0.00130075 0.00125313 0.00125235 0.00125000 0.00124430 0.00122200 0.00120080 0.00118794 0.00118667 0.00118627 0.00117628 0.00116773 0.00115523 0.00115232 0.00113820 0.00113058 0.00112045 0.00111525 0.00108617 0.00108064 0.00106091 0.00102669 0.00102284 0.00100659	15.330440995688784	98.4215630538742
9.13.23.SBSEP12.R2__NA__NA__230922_WW__00X.variants.tsv	[('EG.5* [Omicron (EG.5.X)]', 0.2809675822334726), ('XBB.1.5* [Omicron (XBB.1.5.X)]', 0.2748851811593966), ('XBB.1.16* [Omicron (XBB.1.16.X)]', 0.16015068009562144), ('XBB.1.9.2* [Omicron (XBB.1.9.2.X)]', 0.06834738524009705), ('XBB.2.3* (XBB.2.3.X)', 0.05892382321124162), ('XBB.1.9.1* [Omicron (XBB.1.9.1.X)]', 0.03847953913518694), ('Other', 0.013828378437432304), ('XBB* (XBB.X)', 0.008120055413696882)]	XBB.1.5.59 XBB.1.5.10 EG.5.1 XBB.1.16.1 HK.4 EG.5.1.6 HZ.1 GJ.1.2.5 EG.5.1.4 XBB.1.5.14 XBB.1.16.19 EG.2.5 XBB.1.9.2 XBB.1.16.26 HK.27 JF.4 FL.2.5 FL.9 XBB.1.16.12 XBB.1.16 XCY XBB.1.5.109 EG.10 EG.5.1.16 XBB.2.3.15 EG.5.1.2 HV.1 EG.2.3 GJ.1 XBB.1.16.14 HR.1.1 EG.5.1.9 XBB.1.5.31 GK.10 FL.22 EG.5.1.10 XBB.1.37.1 JJ.1 EG.5.1.7 HK.32 HK.30 FG.3 FT.3.1 FL.2.3.1 XBB.1.5.99 XBB.1.16.32 HA.1 GE.1.2.2 FE.1.1.4 XBB.1.5.35 EG.5.1.12 XCV EG.4 XBB.1.4.2 HV.1.3 XBB.1.5.105 XBB.1.16.10 HV.1.7 JR.1 FL.2.2 EG.11 FU.5 EG.4.4 XBB.2.3.9 HV.1.2 XDG XBB.1.16.27 HV.1.5 FL.2.1 HK.3.12 XBB.2.3.18 XBB.1.16.7 EG.6 FU.1.1.1 FL.2.7 EG.5.1.18 HK.31 XBB.1.16.6 GM.3 HK.13.1 XBB.1.16.25 XBB.1.16.13 JM.1 EG.5.2.2 HV.1.4 XBB.1.45.1 EG.4.2 EG.2.4 HK.6 FL.1.8 GW.1.1 HV.1.6	0.08410328 0.08068180 0.07913013 0.05932727 0.05026251 0.04976045 0.04788640 0.04494796 0.03821984 0.03480966 0.02848210 0.02679049 0.02279313 0.01672132 0.01616970 0.01592161 0.01451482 0.01432068 0.01134730 0.01134730 0.01057963 0.00703933 0.00648381 0.00587828 0.00454941 0.00442968 0.00414742 0.00403319 0.00360262 0.00341545 0.00337838 0.00279888 0.00252305 0.00248588 0.00244200 0.00239636 0.00231865 0.00227853 0.00226757 0.00224791 0.00221839 0.00219298 0.00212681 0.00204279 0.00201748 0.00200082 0.00198531 0.00192522 0.00190516 0.00190463 0.00189881 0.00186014 0.00179586 0.00179250 0.00177620 0.00175020 0.00168287 0.00160664 0.00159794 0.00156495 0.00155162 0.00150615 0.00149219 0.00145702 0.00139070 0.00138861 0.00137510 0.00137112 0.00134971 0.00131619 0.00128285 0.00124197 0.00123740 0.00122599 0.00121947 0.00118887 0.00116783 0.00116408 0.00115875 0.00115473 0.00114671 0.00112462 0.00112003 0.00111463 0.00110561 0.00110202 0.00108861 0.00108108 0.00107181 0.00102512 0.00100172 0.00100087	14.92388703752951	98.26438818847608
9.27.23.SBSEP24.R2__NA__NA__230929_WW__00X.variants.tsv	[('XBB.1.9.2* [Omicron (XBB.1.9.2.X)]', 0.38712835496977405), ('EG.5* [Omicron (EG.5.X)]', 0.3146732326057262), ('XBB.1.9.1* [Omicron (XBB.1.9.1.X)]', 0.096050736047423), ('XBB.1.16* [Omicron (XBB.1.16.X)]', 0.03969164662943055), ('Other', 0.030883713988233714), ('XBB.1.5* [Omicron (XBB.1.5.X)]', 0.030399672807063755), ('XBB* (XBB.X)', 0.022067077323549397)]	EG.6.1 EG.5.1.4 EG.2 HV.1 EG.5.1.13 HK.23 FL.1.5.1 HK.31 XBB.1.16.15 FL.10.1 XDB XBB.1.42.1 HZ.1 HN.5 HN.1 EG.5.1.7 JJ.1 HY.1 XDA HV.1.2 KM.1 EG.5.1.12 XBB.1.5.82 EG.5.1.2 EG.5.1.16 XBB.1.5.81 EG.2.3 XBB.1.16.13 XDG HV.1.4 HV.1.7 XBB.1.16.27 XBB.1.16.24 FY.2.1 EG.11 JF.4 HK.3.12 XDE XBB.1.16.31 HU.2 GB.2 EG.9 HV.1.5 GA.6.1 HK.6 EK.2.1 HV.2 HK.32 FL.2.2 JM.1 HK.13.1 HS.1.1 XCQ	0.31928896 0.09637139 0.06290918 0.05366402 0.04783690 0.04767776 0.04195579 0.03749133 0.03026801 0.02620436 0.02316910 0.01790920 0.01488212 0.01363947 0.01311759 0.00587544 0.00461121 0.00448597 0.00322672 0.00280967 0.00280357 0.00256500 0.00250756 0.00238663 0.00236232 0.00215750 0.00209455 0.00203524 0.00197194 0.00188314 0.00182768 0.00182223 0.00159872 0.00159245 0.00157440 0.00142857 0.00141994 0.00141663 0.00141369 0.00134814 0.00127551 0.00126127 0.00123457 0.00121729 0.00121233 0.00118167 0.00117845 0.00115207 0.00113353 0.00112518 0.00111338 0.00110578 0.00109934	15.666395283484475	97.48520215363007
10.04.23.PLOCT02.R1__NA__NA__231006_WW__00X.variants.tsv	[('EG.5* [Omicron (EG.5.X)]', 0.34065582303954667), ('XBB.1.9.1* [Omicron (XBB.1.9.1.X)]', 0.2125302490397324), ('XBB.1.5* [Omicron (XBB.1.5.X)]', 0.12983507713171835), ('XBB.1.9.2* [Omicron (XBB.1.9.2.X)]', 0.07239217751627622), ('XBB.1.16* [Omicron (XBB.1.16.X)]', 0.06441764796791072), ('Other', 0.03818080451824415), ('XBB.2.3* (XBB.2.3.X)', 0.032607855781820974), ('XBB* (XBB.X)', 0.017237068574337443)]	EG.5.1 HN.5 EG.2 EG.5.1.4 EG.5.1.9 EG.5.1.6 HV.1.2 XBB.1.5.14 HN.1 FL.9 EG.6 JD.1 FL.10.1 XCY FL.40 EG.5.1.14 FL.24 GK.1 XBB.1.16 XBB.1.16.12 FL.1.5.2 GK.1.1 GS.4 HZ.1 HK.27 KB.3 XCZ XBB.1.5.43 XCG JG.4 EG.5.1.12 HV.1.7 GK.1.7 XBB.1.16.10 XBB.1.16.25 EG.5.1.13 FL.24.1 HN.3 XCF.1 XBB.1.16.14 FL.20.1 FL.22 XBB.1.9.4 XBB.1.16.13 EG.2.2 XBB.1.16.28 XBB.2.3.15 HH.8 XBB.1.5.35 FL.2.4 GK.7 GJ.1.2.6 FL.4.5 HK.31 JF.3 GJ.6 GK.10 XBB.2.3.9 XBB.1.16.19 XBB.1.5.109 EG.5.1.10 FL.38 XBB.2.3.18 XBB.1.16.24 JR.1 FL.2.2.1 XDG HF.1.2 XBB.1.16.27 FL.8 HV.2 FL.26.1 XBB.1.16.11 XBB.1.47.1 EG.2.3 FL.5 XCV FL.15.2 GJ.1.1 HN.2 JJ.1 XBB.1.5.85 EG.6.1.2 FL.6 XBB.1.37.1 HK.29 GK.1.11 XBB.1.5.73 GJ.1.2.5 HZ.2 HV.1.9 XBB.1.45.1 GA.6.1 HN.6 FE.1.1.3 FL.3.4 JF.1.1.2 XBB.1.5.74 XBB.1.5.11 HR.1.1 XBB.1.16.16 KJ.1 GV.1 GS.1 GK.2.1.1 GB.2 XBB.1.16.29 JF.4 GW.2 FY.2.1 XBB.1.16.21 GE.1.4 HE.1 GA.7.2 XBB.1.5.72 HD.1 XBB.1.5.23 FU.3.1 HK.13.1 EG.5.1.17 JB.1.1 FY.5.4 XDT GJ.2	0.11753482 0.04990594 0.04177128 0.04117299 0.04079883 0.03966864 0.03760286 0.03495301 0.03326301 0.02777240 0.02380505 0.02320668 0.02316599 0.01689181 0.01577830 0.01353560 0.01278145 0.01275168 0.01192715 0.01192715 0.01150184 0.01040871 0.00981453 0.00869741 0.00731079 0.00653594 0.00642123 0.00626510 0.00625939 0.00607121 0.00599932 0.00465658 0.00458183 0.00442478 0.00386100 0.00383325 0.00383142 0.00377880 0.00368381 0.00365733 0.00365104 0.00359874 0.00358324 0.00344493 0.00335993 0.00333111 0.00324465 0.00304711 0.00303999 0.00291365 0.00281198 0.00279782 0.00269865 0.00269397 0.00264020 0.00245298 0.00237718 0.00231374 0.00225351 0.00224840 0.00224072 0.00218204 0.00217581 0.00214822 0.00214799 0.00209645 0.00207828 0.00201266 0.00199683 0.00193723 0.00193705 0.00193611 0.00192285 0.00190295 0.00187780 0.00185292 0.00181922 0.00178571 0.00173310 0.00170890 0.00163314 0.00162573 0.00157812 0.00154998 0.00154679 0.00153609 0.00153551 0.00153139 0.00151439 0.00151099 0.00148930 0.00145879 0.00144092 0.00143826 0.00143265 0.00140143 0.00137404 0.00132979 0.00132855 0.00132013 0.00131839 0.00128866 0.00127146 0.00126250 0.00126152 0.00125763 0.00125597 0.00125561 0.00125313 0.00123993 0.00123355 0.00122900 0.00117321 0.00115678 0.00115340 0.00115176 0.00114419 0.00114371 0.00112899 0.00112777 0.00107105 0.00104868 0.00102706 0.00102223	18.375204178584696	96.60903588268735
9.13.23.PLSEP10.R1__NA__NA__230922_WW__00X.variants.tsv	[('EG.5* [Omicron (EG.5.X)]', 0.2718529727909326), ('XBB.1.5* [Omicron (XBB.1.5.X)]', 0.19898161671360573), ('XBB.1.16* [Omicron (XBB.1.16.X)]', 0.14894515353035695), ('XBB.1.9.1* [Omicron (XBB.1.9.1.X)]', 0.08792066225296039), ('Other', 0.06218398865800134), ('XBB.2.3* (XBB.2.3.X)', 0.05933745848739559), ('XBB.1.9.2* [Omicron (XBB.1.9.2.X)]', 0.05807677102355946), ('XBB* (XBB.X)', 0.01857003746742844)]	XBB.1.16.6 EG.5.1.4 HZ.1 EG.2 HK.19 XBB.1.5.70 HK.29 XDB KB.4 XBB.1.16.13 XDJ EG.5.1.16 FT.3.1 HY.1 EG.5.1.10 GJ.1.2.6 FL.1.5.1 XBB.2.3.17 HN.1 HN.5 JF.1.1 HV.1.10 HN.2 XBB.1.5.65 GK.3 HK.3.12 EG.5.1.6 JF.1 EK.2.1 XBB.1.16.4 GK.4 GJ.1.2.5 HK.31 GJ.1 JG.4 JG.1 XBB.1.16.14 EG.5.1.13 EG.2.5 EG.4.5 HN.4.2 FL.11 XBB.1.5.76 HV.1.2 HL.1 HK.1 HK.27 JF.1.1.2 FL.18.1.1 EG.5.1.9 XCZ GK.10 FD.1.1 EG.5.1.14 FY.2.1 KT.1.2 FL.24.1 HC.2 HF.1.1 HK.6 HN.4 HK.30 EG.5.1.7 XBB.1.5.109 HK.24 FL.22 JF.4 GN.1.1 XBB.1.16.2 GY.9 GE.1.3 HN.8 HP.1.1 HV.1.5 GK.7 GK.3.2 FL.15.2 FL.2.3.1 JB.2.1 FL.38 XDG HK.9 GE.1.6 GJ.4 HR.1.1 JC.4 HW.1.1 FL.2.6 JE.1.1.1 HN.6 XBB.1.16.27 XBB.1.16.19 HF.1.2 GK.11 EG.2.4 FE.1.1.4 GG.1 EG.5.1.15 GN.1.4 JR.1 XBB.3.1 KJ.1 FL.2.2 FL.2.1 FU.2 GK.6 KB.3 GJ.1.2.2 HG.2 XCU GB.2 XBB.1.5.94 GJ.6 FE.1.1.2 GY.3 GV.1 EG.1.8 XBB.1.5.27 FU.5 FL.20.1 XBB.1.5.103 XBB.1.16.25 GU.1 XBB.1.5.106 FL.1.8 GJ.5.1 HV.1.7 FD.3 GK.1.10 JF.1.1.1 EG.2.1 GS.3 XDA XCJ EG.2.3 GS.1 GK.5.1 XBB.1.34.1 GS.4 EG.5.1.12 GJ.5 HT.1 JW.1.1 XBB.1.16.24 FL.36 XBB.1.16.15 GY.2 EK.1 XDA.1 HU.2 FL.28 EG.9.1 XBB.1.41.2 JJ.1 XBB.1.5.105 HK.13.1 GJ.1.1 KF.1	0.06347413 0.05685050 0.04624520 0.04256658 0.03450338 0.03443834 0.03141700 0.02710278 0.02697920 0.02515834 0.02235677 0.01814830 0.01673302 0.01607439 0.01420859 0.01415297 0.01410502 0.01120420 0.01068365 0.01065353 0.01022292 0.00964517 0.00934579 0.00920339 0.00913679 0.00849370 0.00713428 0.00687986 0.00683763 0.00681715 0.00614182 0.00574300 0.00573912 0.00521439 0.00505684 0.00482520 0.00461093 0.00455892 0.00449142 0.00443615 0.00440827 0.00436803 0.00423302 0.00421448 0.00411931 0.00400224 0.00389841 0.00389537 0.00389107 0.00386634 0.00359746 0.00356898 0.00341845 0.00334586 0.00307403 0.00304159 0.00294416 0.00284903 0.00284325 0.00280899 0.00277653 0.00275482 0.00273224 0.00267877 0.00267397 0.00265957 0.00260238 0.00258833 0.00251888 0.00250060 0.00246240 0.00243790 0.00243787 0.00239617 0.00236875 0.00231911 0.00227864 0.00222428 0.00220872 0.00220305 0.00213335 0.00209732 0.00207170 0.00205494 0.00205350 0.00205040 0.00201429 0.00193104 0.00189484 0.00187517 0.00186765 0.00183500 0.00182162 0.00181973 0.00180886 0.00177948 0.00177484 0.00176445 0.00176239 0.00176107 0.00174321 0.00172692 0.00172091 0.00168753 0.00160315 0.00158488 0.00157418 0.00156863 0.00153558 0.00151932 0.00151890 0.00150311 0.00146145 0.00144235 0.00141143 0.00139609 0.00136136 0.00135301 0.00135010 0.00132102 0.00131601 0.00129310 0.00127635 0.00127083 0.00125590 0.00125122 0.00124733 0.00124533 0.00122821 0.00121541 0.00120822 0.00120380 0.00120244 0.00119244 0.00118587 0.00118299 0.00117463 0.00116185 0.00116181 0.00113200 0.00112844 0.00112200 0.00111995 0.00110885 0.00110046 0.00109830 0.00108981 0.00108844 0.00106512 0.00106149 0.00104859 0.00101831 0.00101798 0.00101629 0.00101174 0.00100661 0.00100351 0.00100055	15.71655155863926	98.4048423235127
9.06.23.SBSEP03.R2__NA__NA__230911_WW__00X.variants.tsv	[('EG.5* [Omicron (EG.5.X)]', 0.4196933650722452), ('XBB.1.5* [Omicron (XBB.1.5.X)]', 0.17116988964243868), ('XBB.1.16* [Omicron (XBB.1.16.X)]', 0.14386845689071723), ('XBB.1.9.1* [Omicron (XBB.1.9.1.X)]', 0.04682323795241516), ('XBB.1.9.2* [Omicron (XBB.1.9.2.X)]', 0.04631465042334321), ('XBB* (XBB.X)', 0.030775382088822377), ('Other', 0.020597716687889945), ('CH.1.1* [Omicron (CH.1.1.X)]', 0.006918470036738949), ('XBB.2.3* (XBB.2.3.X)', 0.005253236472252592)]	HZ.1 EG.5.1.4 EG.5.1.1 EG.5.1 XBB.1.16.1 EG.5.1.16 EG.5.2 EG.6.1 XBB.1.16.19 FU.2 GK.4 FL.9 XDB XBB.1.5.78 HK.23 XBB.1.42.1 DV.7.1.6 FL.6 JF.1 XBB.1.27 EG.7 EG.5.1.9 XBB.1.9.4 XCT XBB.1.5.76 HK.3.13 JF.4 GE.1.3 XBB.1.16.24 FL.24.1 GN.1.1 XBB.1.16.10 XBB.1.16.27 FL.27 XBB.1 HK.31 XBB.1.21 EK.2.1 JF.1.1 XBB.1.5.45 HK.30 EG.2 XBB.1.5.109 FL.8 GV.1 XDL EG.2.3 GK.10 EG.5 HK.6 XBB.1.5.94 HK.3.12 XBB.1.5.50 EG.5.1.10 JR.1 HK.13.1 FL.39.1 GW.1.1 FL.13.5 FL.1.5.2 FL.22 HH.8.1 FL.26 EK.1 FL.38 JM.1 HC.3 FL.17 FU.5 HN.7 FL.33.1 FY.2.1 XBB.4.1 FU.1.1.1 FL.1.8 FL.2.2 EG.5.1.13 HS.1.1 FD.1.1 XBB.8.1 HE.1 XCG JJ.1 EG.5.2.4 GE.1.2 FL.30 FL.29 GK.6 GD.3 XBB.1.47.1 XBB.1.5.74 GA.10.1 XDJ XCM EG.5.1.12 XBB.1.5.106	0.11153041 0.11104884 0.08826391 0.07935474 0.06325285 0.05610860 0.05063423 0.03800643 0.03022487 0.02762885 0.02341146 0.01663010 0.01223833 0.00859693 0.00835536 0.00741212 0.00691847 0.00590675 0.00580809 0.00542797 0.00437193 0.00378788 0.00364882 0.00330757 0.00326710 0.00312500 0.00311656 0.00271003 0.00261780 0.00257029 0.00256924 0.00250390 0.00247445 0.00242836 0.00239638 0.00237812 0.00228171 0.00224853 0.00224761 0.00216920 0.00212596 0.00208975 0.00208124 0.00188822 0.00184890 0.00184684 0.00184654 0.00177344 0.00176018 0.00170670 0.00169837 0.00169681 0.00166221 0.00166015 0.00165753 0.00154842 0.00153805 0.00153677 0.00148368 0.00146411 0.00145730 0.00145491 0.00143524 0.00142801 0.00138570 0.00137552 0.00136054 0.00134694 0.00132875 0.00131062 0.00130524 0.00130254 0.00129912 0.00128921 0.00126103 0.00125270 0.00123762 0.00119976 0.00117130 0.00115631 0.00113338 0.00112412 0.00111940 0.00109774 0.00108829 0.00108342 0.00107549 0.00107105 0.00106403 0.00105951 0.00105708 0.00105671 0.00104167 0.00103918 0.00102618 0.00102512	14.652984269665634	97.53202019864227
9.27.23.ENCSEP25.R2__NA__NA__230929_WW__00X.variants.tsv	[('EG.5* [Omicron (EG.5.X)]', 0.6420015062397882), ('XBB.1.9.1* [Omicron (XBB.1.9.1.X)]', 0.08693393933214139), ('XBB* (XBB.X)', 0.05927796514896354), ('XBB.1.16* [Omicron (XBB.1.16.X)]', 0.05089317283590752), ('XBB.1.5* [Omicron (XBB.1.5.X)]', 0.044395789524126816), ('Other', 0.02636646407820804), ('XBB.1.9.2* [Omicron (XBB.1.9.2.X)]', 0.010845369664001795)]	EG.5.1.14 EG.5.1 EG.5.1.4 HV.1.2 EG.5.1.1 XBB.1.22.2 XBB.1.16.13 HN.1 FL.10 JJ.1 XBB.1.5.100 EG.5.1.13 XCY HV.1 HV.1.1 EG.5.1.3 XDJ FL.6 EG.5.1.9 HK.30 HK.15 FG.3 EG.2.2 XBB.1.5.35 HK.32 FL.8 EG.5.1.12 EG.7 JF.1.1 JF.4 EK.2 FL.10.3 XBB.1.9.6 HK.6 GK.7 EG.2.3 HF.1 FL.33 FL.22 FL.9 FL.20.1 FL.13.5 HK.3.13 FL.29 KM.1 EG.14 JF.1.1.1 HK.29 XBB.1.45.1 XCV GK.1.7 XBB.1.5.82 EG.4.2 HE.1 FL.30 XBB.1.12 XCG XBB.1.5.11 EG.5.1.16 XBB.1.16.27 XBB.1.5.109 HA.2 HK.31 XDL HP.1 HV.1.4 FL.4.7 FL.26 GK.10 HV.1.7 FL.27 HK.27 GK.2.1.1 HK.9 HU.2 HK.3.12 XDG JM.1 XDC XBB.1.5.31 XBB.1.5.74 GK.1.6.1 XBL.1 XBB.1.27 HN.6	0.18316800 0.13112507 0.09331528 0.07493326 0.06656521 0.05039311 0.04009232 0.03855347 0.02108761 0.02106130 0.01770020 0.01315040 0.01254874 0.01047938 0.00997824 0.00665552 0.00623972 0.00562692 0.00420875 0.00411765 0.00381679 0.00351020 0.00318470 0.00308216 0.00269906 0.00263762 0.00258462 0.00246773 0.00239993 0.00232932 0.00230297 0.00222747 0.00214157 0.00210167 0.00206871 0.00206315 0.00198025 0.00189573 0.00178998 0.00175758 0.00175439 0.00174520 0.00172572 0.00164690 0.00161404 0.00161119 0.00156006 0.00155231 0.00154923 0.00154321 0.00153139 0.00151871 0.00151860 0.00150171 0.00146252 0.00146033 0.00144742 0.00141937 0.00140916 0.00140167 0.00134132 0.00131062 0.00130924 0.00127389 0.00126807 0.00126394 0.00125026 0.00124327 0.00123077 0.00122549 0.00120700 0.00120106 0.00119861 0.00118332 0.00118306 0.00117107 0.00113867 0.00112962 0.00112414 0.00112061 0.00109869 0.00107935 0.00105067 0.00104895 0.00104803	14.582045270773746	97.30461826572585
9.08.23.PLSEP06.R1__NA__NA__230911_WW__00X.variants.tsv	[('EG.5* [Omicron (EG.5.X)]', 0.4010538378351044), ('XBB.1.16* [Omicron (XBB.1.16.X)]', 0.17346970572635764), ('XBB.1.5* [Omicron (XBB.1.5.X)]', 0.12788371006938612), ('XBB.2.3* (XBB.2.3.X)', 0.06244472713401707), ('XBB.1.9.1* [Omicron (XBB.1.9.1.X)]', 0.055172500960974015), ('XBB.1.9.2* [Omicron (XBB.1.9.2.X)]', 0.0313429509821982), ('Other', 0.026590658924622444), ('XBB* (XBB.X)', 0.02559714115457503)]	EG.5.1.4 HK.9 JF.1 HZ.1 XBB.1.16.19 HK.28 EG.5.1.1 GJ.1.2.6 XBB.1.16.21 XDJ JF.4 HN.5 EG.5.1.13 GE.1 XBB.2.3.15 GK.3 XBB.1.5.72 HV.1.2 GK.1.1 HN.4 HK.31 HL.2 HK.23 HF.1.1 HV.1.8 HV.1.5 HY.1 EG.1.6 HN.3 GY.3 HK.6 EG.4.2 XBB.1.16.18 GY.8 HN.2 HP.1.1 HK.3.12 XBB.1.5.88 XCZ XBB.1.16.15 EG.2 XBB.1.5.78 HK.7 EG.5.1.3 XBB.1.5.49 EG.4.5 XBB.1.16.4 JF.3 GK.1.1.1 EG.1.2 EG.5.1.16 EG.2.2 HH.2 XBB.1.37.1 JB.1.1 HN.4.2 XBB.1.5.76 GY.9 FE.1.1.3 GV.1 GE.1.5 FL.4.5 GK.3.2 XBB.1.16.24 EG.5.1.10 HN.6 XBB.1.16.31 EG.5.1.9 HK.30 XBB.1.16.29 XBB.1.5.94 GK.1.10 XBB.1.5.105 FT.3.1.1 HV.1.7 EG.2.3 XBB.1.16.10 GY.1.1.1 JR.1 EG.6.1.1 EG.2.4 FY.2.1 KJ.1 XBB.1.16.27 XBB.1.16.16 JG.4 HK.13.1 JC.4 GB.2 JC.2 HK.29 GS.4 XBB.1.5.19 FY.1.4.1 GJ.1.2.5 HH.8.1 XBB.1.16.30 FP.2.1.2 FU.5 KC.1 EG.5.1.12 XBB.1.5.6 HK.15 HR.1.1 HE.1 XCM GY.6 FL.2.3.1 FL.1.5.1 XBB.1.16.32 XBB.1.45.1 GS.3 XCW GJ.4 FL.1.8 FL.2.6 FL.20.1 XDG GE.1.2.2 XBB.1.16.25 GK.4 XCT FL.24.1 XBB.1.5.27 HV.2	0.17759296 0.07086679 0.04361221 0.03696143 0.03078170 0.02688170 0.02314827 0.02243073 0.02113720 0.01750188 0.01686040 0.01680560 0.01426620 0.01340388 0.01314684 0.01275856 0.01258600 0.01250740 0.01173706 0.01089645 0.01070320 0.00968153 0.00950037 0.00826059 0.00807153 0.00793021 0.00774831 0.00684483 0.00669147 0.00661813 0.00628050 0.00581959 0.00565217 0.00540910 0.00495960 0.00483041 0.00462463 0.00459310 0.00451624 0.00440267 0.00373156 0.00372127 0.00363001 0.00349114 0.00348907 0.00337641 0.00336649 0.00335746 0.00334175 0.00318444 0.00316292 0.00314928 0.00311154 0.00305973 0.00299021 0.00298727 0.00281980 0.00271003 0.00267969 0.00245025 0.00241849 0.00231533 0.00230362 0.00230053 0.00229377 0.00225390 0.00209473 0.00204798 0.00198840 0.00194952 0.00194890 0.00192823 0.00192086 0.00192082 0.00189805 0.00183475 0.00182094 0.00178204 0.00176128 0.00171100 0.00169109 0.00167459 0.00166153 0.00165236 0.00162749 0.00160499 0.00158079 0.00156641 0.00156576 0.00152941 0.00152343 0.00151046 0.00150859 0.00150830 0.00148148 0.00147406 0.00145084 0.00141583 0.00139756 0.00138668 0.00137065 0.00136969 0.00131540 0.00130286 0.00126143 0.00124397 0.00124301 0.00123221 0.00122731 0.00122692 0.00122022 0.00121074 0.00115618 0.00113843 0.00113507 0.00112078 0.00111919 0.00111830 0.00111807 0.00109409 0.00106701 0.00105409 0.00104165 0.00102015 0.00101127	14.02263147083043	98.42490719994649
10.11.23.PLOCT08.R1.rerun__NA__NA__231023_WW__00X.variants.tsv	[('EG.5* [Omicron (EG.5.X)]', 0.301685470712233), ('XBB.1.16* [Omicron (XBB.1.16.X)]', 0.22056428188205615), ('XBB.1.9.2* [Omicron (XBB.1.9.2.X)]', 0.13145047163073617), ('XBB.1.9.1* [Omicron (XBB.1.9.1.X)]', 0.11548538538243812), ('Other', 0.04820974744074174), ('XBB* (XBB.X)', 0.03470730724844147), ('CH.1.1* [Omicron (CH.1.1.X)]', 0.01788522259826969), ('XBB.2.3* (XBB.2.3.X)', 0.012911589926349831), ('XBB.1.5* [Omicron (XBB.1.5.X)]', 0.011288714565241763), ('A', 0.0010106665353247966)]	EG.6.1 HV.1.2 FL.1.5 HK.27 EG.6 XDJ HN.1 HK.31 JF.1 XBB.1.16.6 XBB.1.16.11 HV.1 EG.5.1.16 JF.3 XBB.1.16.19 FU.1.1 XBB.1.16.1 EG.5.1.11 FU.2 DV.7.1.4 XBB.1.16 HK.6 JG.4 EG.5.1.1 HK.16 JG.3 FL.1.5.2 XBB.1.16.18 HK.4 XBB.1.1 HK.13 EG.7 HV.1.3 XBB.1.16.14 XBB.1.16.31 XBB.1.9.2 HK.23 FL.4.5 EG.5.1.13 FU.5 XCZ HK.3.13 FU.1.1.1 XCH.1 EG.5.1.3 XBB.1.39 XBB.1.37.1 XBB.2.3.16 DV.7.1.5 FL.32.1 FL.13.3.1 FL.13.5 JC.2 KT.1.2 GK.10 EG.5.1.14 EG.5.1.9 FL.22 XBB.1.16.27 XBB.1.45 XBB.1.27 EG.5.1.10 XBB.1.35 XDM JD.1.1.5 HV.1.7 FW.3 FL.4.4 HH.8 XBB.1.16.15 EG.11 KJ.1 FY.2.1 GJ.1.2.4 XBB.1.16.24 XBB.1.4.1 EG.2.3 FE.1.1.3 EG.9 GK.1.10 HZ.2 GE.1.2.2 HK.22 HK.13.1 EG.1.3 HN.6 HK.29 HV.1.5 JF.4 HK.30 DV.7.1.7 KG.1 XBB.1.16.21 JD.1.2.1 XBB.1.34.1 JF.1.1.2 XBB.1.16.25 DV.7.1.9 XBB.3.1 FU.4 FL.1.8 XBB.1.47 XBB.1.45.1 HK.3.12 HV.1.9 EG.14 GS.6 FL.18.1 JD.1.1.4 HU.1 XDL DV.7.1.6 EG.5.1.5 XBB.1.5.109 A.28 GJ.1.2.5	0.06626422 0.05403220 0.05158152 0.05044160 0.04730571 0.03808102 0.03697565 0.03604180 0.03274977 0.03047578 0.02856899 0.02808922 0.02628126 0.01929730 0.01867010 0.01805386 0.01341366 0.01304559 0.01203038 0.00997859 0.00963918 0.00901986 0.00861174 0.00858158 0.00822357 0.00779000 0.00662333 0.00658301 0.00639083 0.00603899 0.00602782 0.00586396 0.00518135 0.00507565 0.00478060 0.00428596 0.00426675 0.00384763 0.00384166 0.00377482 0.00372526 0.00326264 0.00323974 0.00322617 0.00304593 0.00303260 0.00299307 0.00296809 0.00295749 0.00288047 0.00282622 0.00275876 0.00269496 0.00268801 0.00258346 0.00245843 0.00244698 0.00243770 0.00238124 0.00236206 0.00231899 0.00224564 0.00219479 0.00213267 0.00212361 0.00204708 0.00203472 0.00190536 0.00188640 0.00187970 0.00183883 0.00179695 0.00178253 0.00176136 0.00173483 0.00172172 0.00167691 0.00167461 0.00165177 0.00161900 0.00158033 0.00152251 0.00151000 0.00147059 0.00146542 0.00138217 0.00137931 0.00137363 0.00136949 0.00134454 0.00133995 0.00132057 0.00132013 0.00128999 0.00128308 0.00126408 0.00125628 0.00125235 0.00124443 0.00120875 0.00119261 0.00115081 0.00112319 0.00110229 0.00110132 0.00109769 0.00107817 0.00107396 0.00107296 0.00105676 0.00104462 0.00103627 0.00103026 0.00101937 0.00101067 0.00100705	17.9122867698866	98.85295789720095
9.08.23.PLSEP05.R2__NA__NA__230911_WW__00X.variants.tsv	[('EG.5* [Omicron (EG.5.X)]', 0.3624430924172019), ('XBB.1.16* [Omicron (XBB.1.16.X)]', 0.15882783273298326), ('XBB.1.5* [Omicron (XBB.1.5.X)]', 0.11885782267660859), ('XBB* (XBB.X)', 0.07348387090573631), ('XBB.1.9.1* [Omicron (XBB.1.9.1.X)]', 0.0630884481537988), ('XBB.2.3* (XBB.2.3.X)', 0.04558328322540167), ('Other', 0.0393758941725449), ('XBB.1.9.2* [Omicron (XBB.1.9.2.X)]', 0.030190636929418417), ('BA.2.75* [Omicron (BA.2.75.X)]', 0.0011725495796346538), ('Omicron', 0.0010382948532908665)]	EG.5.1.1 EG.5.1.4 XBB.1.16.19 HN.1 XDJ HZ.1 GD.1 FU.2 JF.1.1 HK.3.12 EG.5.1.14 HK.27 GK.1.1.1 XBB.1.5.10 HK.23 GJ.1.2.6 HV.1.2 XBB.1.16.15 HZ.2 EG.6.1.2 EG.7 HK.31 JF.4 GE.1.6 FL.1.5 GJ.1.2 FD.1.1 XBB.1.16.11 FE.1 XBB.1.9.7 FU.2.1 HK.11 XBB.1.22.2 EG.5.1.3 FE.1.2 XBB.1.16.10 EG.5.1.9 GK.2 XBB.1.16.9 EG.2.5 FU.1 GJ.1.2.2 FL.20 GY.5 GK.3 FL.32.1 HN.4 XBB.1.5.72 HF.1.1 XBB.1.5.50 HK.29 XBB.1.5.35 XBB.1.16.20 HK.13.1 HK.5 XBB.1.5.82 GJ.1.2.4 XBB.1.5.71 GJ.1.2.7 XBB.1.5.17 HK.4 FU.4 FE.1.1.3 XBB.1.16.27 GK.10 HK.30 FE.1.1.5 EG.9.1 XBB.1.23 EG.10.1 FY.3.2 XDA XBB.1.37.1 EG.2.3 HE.2 HK.15 GR.1 HV.1.6 FZ.2 HK.6 XBB.1.16.18 JA.1 JZ.1 XBL.1 XCF JD.1.1.5 GJ.1.2.5 XBB.1.5.68 HK.22 FL.2.1 FL.1.8 KT.1.2 XBB.1.9.4 HK.2 XDG XCG XBB.1.16.24 XBB.1.9.6 FE.1.1.4 FL.4.4 EG.5.1.12 XCR XBB.1.45.1 HK.16 HV.1.7 HE.1 EG.2.4 XBB.1.16.32 FL.2.3.1 HK.3.5 FU.1.1.1 GV.1 XBB.1.47.1 XBB.1.5.109 KM.1 EK.2 FL.15.2 XBB.1.5.106 HK.9 GY.1.1 GW.1.1 XBB.1.26 FP.1 FR.1.3 GJ.1.1 FU.5 EG.5.1.10 HF.1.2 HZ.3 HK.3.13 XBB.1.12 FL.2.2 XBV XCS XBB.1.16.25 GK.2.3 HV.1.8 JJ.1 FY.2.1 HU.2 EV.1 KC.1 HT.1 HC.3	0.11957068 0.11108448 0.04974809 0.03361004 0.02690813 0.02408120 0.01942591 0.01739572 0.01660204 0.01653690 0.01467373 0.01373840 0.01326854 0.01283141 0.01275057 0.01254013 0.01241312 0.01096983 0.00955376 0.00930637 0.00875837 0.00863957 0.00846240 0.00822639 0.00787112 0.00781232 0.00780627 0.00736527 0.00723834 0.00703335 0.00676819 0.00651545 0.00563196 0.00560832 0.00502125 0.00478963 0.00475382 0.00460780 0.00455617 0.00447370 0.00442128 0.00425170 0.00416190 0.00408772 0.00402843 0.00393975 0.00387008 0.00380654 0.00372986 0.00365553 0.00351515 0.00351341 0.00348432 0.00346916 0.00337973 0.00331675 0.00323524 0.00316579 0.00316319 0.00298922 0.00295882 0.00295179 0.00289658 0.00273626 0.00247246 0.00244238 0.00237883 0.00221719 0.00220446 0.00208279 0.00206346 0.00204362 0.00199115 0.00197279 0.00196963 0.00195503 0.00193771 0.00190278 0.00189489 0.00189210 0.00185450 0.00183242 0.00183021 0.00180331 0.00177288 0.00173811 0.00171086 0.00170041 0.00169262 0.00168284 0.00167131 0.00163973 0.00161109 0.00160111 0.00159511 0.00156933 0.00156180 0.00156033 0.00153365 0.00152039 0.00147474 0.00147435 0.00144569 0.00142762 0.00141352 0.00141151 0.00137943 0.00137472 0.00137253 0.00136488 0.00136052 0.00134972 0.00128617 0.00128490 0.00128080 0.00124868 0.00124854 0.00122638 0.00121588 0.00120039 0.00118577 0.00118511 0.00117947 0.00117255 0.00117130 0.00116790 0.00114669 0.00113723 0.00113603 0.00113122 0.00110959 0.00110602 0.00110568 0.00110348 0.00110220 0.00110177 0.00108860 0.00108604 0.00106037 0.00106019 0.00103829 0.00103393 0.00102642 0.00100468	14.674417985379886	98.37808915493429
9.27.23.PLSEP25.R1__NA__NA__230929_WW__00X.variants.tsv	[('EG.5* [Omicron (EG.5.X)]', 0.20736669369514904), ('XBB.1.5* [Omicron (XBB.1.5.X)]', 0.1905623988974949), ('XBB.1.16* [Omicron (XBB.1.16.X)]', 0.15225159900540752), ('XBB.1.9.2* [Omicron (XBB.1.9.2.X)]', 0.12957826648102577), ('Other', 0.09381866804823438), ('XBB.1.9.1* [Omicron (XBB.1.9.1.X)]', 0.06641550599011244), ('XBB.2.3* (XBB.2.3.X)', 0.045844859027745107), ('XBB* (XBB.X)', 0.02199825867595569)]	XBB.1.9.2 HZ.1 XBB.1.16.19 EG.5.1.4 EG.5.1.13 XBB.2.3.15 XBB.1.16.13 HK.19 XBB.1.5.10 EG.5.1.1 HN.1 XDJ XCY XBB.1.16.21 HK.27 GK.4 JF.4 JZ.1 EG.6.1 XCM XCV HC.2 HN.6 HN.5 EG.5.1.14 XBB.1.16.11 XCZ XBB.1.5.100 HK.20 FL.1.5.2 JF.3 FL.20 EG.2.2 XBB.2.3.17 HK.23 EG.5.1.9 XCR JC.4 FL.2.4 HK.30 XBB.1.5.82 EG.11 GK.10 XBB.1.16.10 JF.1 XCK FY.2.1 FE.1.1.3 HK.6 EG.2.3 FD.5.1 HF.1 HK.4 XBB.2.3.18 XBB.1.9.4 HT.1 XBB.1.36 EK.2 XBB.1.16.29 HV.1.7 GK.7 HB.1 GK.3.2 XBB.1.9.6 GK.8.1 JD.2 HA.2 XBB.1.23 FL.2.2 EG.9 EM.1 XBB.1.16.18 GK.1.10 FL.30 GN.1.4 HZ.3 XBB.1.16.5 JU.1 EG.6.1.2 FL.4.5 HP.1 EG.2.4 XBB.1.5.63 HU.2 XBB.1.5.35 JW.1.1 XBL.1 XBB.1.5.109 XBB.1.16.27 FL.4.4 EG.5.1.12 XDG GE.1.2.2 XBB.1.5.38 HN.2 HK.3.12 GW.1.1 XCW HH.8.1 EG.14 HC.3 JD.1.1.5 HE.1 JJ.1 HK.7 XBB.2.3.7 HK.13.1	0.10089819 0.07602293 0.05527869 0.04983173 0.04523283 0.03537121 0.03455768 0.03080103 0.02823538 0.02757213 0.02745531 0.02723097 0.02583015 0.01967206 0.01849569 0.01813468 0.01782610 0.01596544 0.01438662 0.01280519 0.01198497 0.01031495 0.00985339 0.00973222 0.00867113 0.00696737 0.00690552 0.00661521 0.00519651 0.00518506 0.00453740 0.00418152 0.00383408 0.00351878 0.00336692 0.00331673 0.00309234 0.00309138 0.00301993 0.00289540 0.00275078 0.00273074 0.00260587 0.00256407 0.00235725 0.00233559 0.00232563 0.00231609 0.00230561 0.00228197 0.00226820 0.00225964 0.00219807 0.00218972 0.00213756 0.00204216 0.00203514 0.00199800 0.00195309 0.00194304 0.00194201 0.00193049 0.00191998 0.00170886 0.00167361 0.00166951 0.00166895 0.00163396 0.00160865 0.00160640 0.00159999 0.00156067 0.00155347 0.00151845 0.00151718 0.00146885 0.00146495 0.00142731 0.00142505 0.00141931 0.00137224 0.00132470 0.00132244 0.00131860 0.00129120 0.00128278 0.00128149 0.00125275 0.00125262 0.00125160 0.00124706 0.00124103 0.00121713 0.00119132 0.00119007 0.00117704 0.00115491 0.00111143 0.00110509 0.00109052 0.00108340 0.00108192 0.00106286 0.00105849 0.00104195 0.00101561 0.00101534	14.145056663358334	96.64582148948266
10.04.23.ENCOCT02.R2__NA__NA__231006_WW__00X.variants.tsv	[('EG.5* [Omicron (EG.5.X)]', 0.22436822958605845), ('XBB.1.5* [Omicron (XBB.1.5.X)]', 0.18120509356077066), ('XBB.1.16* [Omicron (XBB.1.16.X)]', 0.16458519027489668), ('XBB.1.9.1* [Omicron (XBB.1.9.1.X)]', 0.13628585060912807), ('XBB.1.9.2* [Omicron (XBB.1.9.2.X)]', 0.08571156964709456), ('Other', 0.054952382591407126), ('XBB.2.3* (XBB.2.3.X)', 0.033007752393378366), ('XBB* (XBB.X)', 0.02618602750934964), ('BA.2.86* (BA.2.86.X)', 0.0042130298532917)]	XBB.1.5.10 XBB.1.16.21 FL.1.4 XBB.1.5.43 HK.27 EG.2 XBB.1.16.6 EG.2.5 EG.5.1.9 XCY FL.1.5.2 HK.23 EG.5.1 EG.5.1.6 FL.33.1 EG.5.1.3 XBB.2.3 XBB.1.16.11 XCZ FU.2 XBB.2.4 JF.4 JG.3.4 XBB.1.5.23 HV.1.1 XDZ GS.4 HH.7 HK.7 HK.31 HN.1 XBB.1.5.21 EG.5.1.17 FL.1.8 XBB.1.16.19 EG.11 XBB.1.37.1 FL.2.2 FL.8 HK.6 GJ.1.2.5 XBB.1.5.28 EG.5.2 BA.2.86.7 XBB.2.12 JZ.1 BA.2.86.5 FL.22 EG.5.1.7 XBB.3.1 GJ.7 FL.20.1 XBB.1.16.25 JR.1 XBB.1.16.27 XCS EG.5.2.4 HH.8.1 XBB.1.5.82 FL.24.1 HK.13.1 FL.2.3.1 XBB.1.43.1 HK.34.1 HV.1.6 GE.1.2.2 FY.5.2 XBB.1.5.35 FP.3 EG.5.1.12 FE.1.1.4 GA.6.1 HK.30 HZ.1 HZ.2 XBB.2.9 GU.1 EG.5.1.10 XCP EK.2.1 FP.2.1.2 FL.9 FL.1.2 FY.5.3 XBB.1.9.6 XDK.6 JF.1 FL.6 XBB.1.5.57 HT.1	0.09815950 0.07967292 0.06562724 0.05860406 0.05191589 0.04406254 0.04284324 0.03887775 0.03608921 0.03073210 0.02847096 0.02845291 0.02492293 0.02271880 0.02083330 0.01764025 0.01708993 0.01630110 0.01536456 0.01061533 0.00817681 0.00788863 0.00739218 0.00715774 0.00660302 0.00498275 0.00439078 0.00436018 0.00380892 0.00369004 0.00350996 0.00317334 0.00313195 0.00292165 0.00278551 0.00277128 0.00262861 0.00249792 0.00235803 0.00227066 0.00221283 0.00220648 0.00220516 0.00219049 0.00213675 0.00204919 0.00202254 0.00190913 0.00182482 0.00181873 0.00181651 0.00178865 0.00175439 0.00171515 0.00169075 0.00168733 0.00167954 0.00167888 0.00164565 0.00156617 0.00155594 0.00154321 0.00154321 0.00149357 0.00147780 0.00145864 0.00142762 0.00136353 0.00135246 0.00133068 0.00128593 0.00127986 0.00127877 0.00125398 0.00123890 0.00121242 0.00119416 0.00117002 0.00113279 0.00112782 0.00112580 0.00112162 0.00110711 0.00110193 0.00109589 0.00105285 0.00103331 0.00103090 0.00102014 0.00101061	18.328578954166417	97.52533190649767
10.11.23.ENCOCT05.R2.rerun__NA__NA__231023_WW__00X.variants.tsv	[('XBB.1.16* [Omicron (XBB.1.16.X)]', 0.6513465285875155), ('EG.5* [Omicron (EG.5.X)]', 0.0940704099202079), ('Other', 0.057905868932381595), ('XBB.1.9.1* [Omicron (XBB.1.9.1.X)]', 0.03898497457377552), ('XBB.1.5* [Omicron (XBB.1.5.X)]', 0.02866943708965923), ('XBB.1.9.2* [Omicron (XBB.1.9.2.X)]', 0.015956621128589633), ('XBB* (XBB.X)', 0.008614423441950247), ('XBB.2.3* (XBB.2.3.X)', 0.004397962746091652)]	JF.1 EG.5.1.4 XDJ HN.1 XBB.1.16.19 XBB.1.16.13 JF.1.1 FL.10.1 JF.4 XBB.1.16.11 FL.1.5 FU.5 EG.6 XBB.1.5.110 HF.1.1 HK.6 XBB.1.16.14 HV.1.2 XBB.1.16.21 HV.1.7 GJ.1.2 XCR XBB.1.5.99 XBB.1.5.109 EG.5.1.9 EG.8 XBB.1.37.1 FL.22 HN.3 EG.11 EG.6.1 EG.5.2.3 XBB.1.16.27 XCP FE.1.1.4 JG.3.1 KL.1.1 JD.1.2.2 GK.8.1 GJ.1.2.5 XBL.2 FZ.2 EG.9.1 XBB.1.5.82 JD.1.1.6 GK.10 XBB.1.5.103 HK.13.1 JF.3 FD.2.1 XBB.1.5.98 HK.32 JJ.1 HV.1.10 EG.14 XBB.1.45.1 XDG GK.1.10.1 GW.1.1 JD.1.1.5 FP.1 XBB.1.21 EG.5.1.12 EG.2.3 HK.3.12 XBB.1.5.10 HZ.2 XBB.1.16.8 XCS	0.56891545 0.06895145 0.04961405 0.01878188 0.01807889 0.01685437 0.01286953 0.00970182 0.00743889 0.00708261 0.00646596 0.00591406 0.00574198 0.00510173 0.00365566 0.00348129 0.00342406 0.00330306 0.00279808 0.00279402 0.00275447 0.00265425 0.00256674 0.00251730 0.00246255 0.00237460 0.00220220 0.00202915 0.00200616 0.00199803 0.00188002 0.00187388 0.00181800 0.00179707 0.00174505 0.00172516 0.00172197 0.00168401 0.00164851 0.00164349 0.00163994 0.00163495 0.00162046 0.00154377 0.00152983 0.00152369 0.00148794 0.00148092 0.00147339 0.00146339 0.00145559 0.00142619 0.00132832 0.00130823 0.00122643 0.00122330 0.00118715 0.00118103 0.00118017 0.00116981 0.00114137 0.00112233 0.00111705 0.00111510 0.00109631 0.00109272 0.00106846 0.00102354 0.00101341	15.239068340933617	98.93321740293617
9.20.23.PLSEP17.R1__NA__NA__230929_WW__00X.variants.tsv	[('XBB.1.16* [Omicron (XBB.1.16.X)]', 0.22652505103688597), ('EG.5* [Omicron (EG.5.X)]', 0.2196785738164685), ('XBB.1.5* [Omicron (XBB.1.5.X)]', 0.1658456243724297), ('XBB.1.9.1* [Omicron (XBB.1.9.1.X)]', 0.12148487700624812), ('Other', 0.09403750568454554), ('XBB.1.9.2* [Omicron (XBB.1.9.2.X)]', 0.03484555526737288), ('XBB.2.3* (XBB.2.3.X)', 0.0287047696891148), ('XBB* (XBB.X)', 0.01866567590696675)]	EG.5.1.6 HY.1 XBB.1.16.11 XDB JF.1 FL.15 FL.1.5.1 HZ.1 HN.5 HK.3.12 XCY EG.6.1 GJ.1.2.6 XBB.1.16.6 EG.5.1.13 JF.1.1 XBB.1.16.15 XBB.1.16.17 EG.5.1.4 EG.10.1 EG.5.1.19 HT.1 XBB.1.16.23 GN.3 HZ.2 XBB.1.16.13 HK.5 XBB.1.16.5 XCZ FD.5.1 HK.9 HV.1.2 XBB.1.9.4 XBB.1.16.14 EG.5.1 EG.5.1.9 HN.3 JR.1 XBB.1.5.72 FL.15.2 FL.15.3 JF.3 FL.24.1 FL.13.5 JF.4 FL.2.3.1 HL.1 XBB.1.16.32 EG.5.1.16 HH.8.1 HK.6 HV.2 GY.9 GN.1.4 XBB.1.16.27 GA.7.1 GS.4.1 XBB.1.16.18 HR.1.1 FT.3.1 FL.2.4 JW.1.1 EK.2.1 EG.2.3 HS.1.1 HV.1.7 HK.13.1 XDG XBB.1.5.57 GY.3 XBB.1.5.27 FE.1.1.3 FL.13.3.1 GG.1 EG.5.1.12 FD.1.1 XBB.1.45.1 EG.11 HE.1 JC.5.1 XCT XCP GE.1.2.2 FU.1.1.1 XBB.1.5.105 FL.1.8 GD.3 FL.38 GJ.6 KM.1 XBB.2.3.8 FL.2.2.1 FL.1.2 JS.1 EG.5.1.10 JJ.1 EG.5.1.14 XDA HV.1.9 EG.5.1.15 HC.3 GS.7.1 XBL.1 HV.1.5 XCW	0.09429701 0.07763941 0.07168471 0.05467500 0.03975899 0.03527699 0.03103919 0.02914490 0.02829413 0.02741580 0.02405514 0.01928883 0.01873924 0.01804360 0.01704450 0.01639004 0.01599046 0.01497638 0.01265963 0.01249779 0.01151160 0.01031357 0.01000000 0.00988363 0.00940783 0.00888335 0.00882247 0.00846390 0.00812201 0.00797546 0.00787573 0.00786809 0.00578625 0.00548866 0.00503263 0.00478469 0.00475870 0.00449970 0.00310332 0.00308642 0.00306229 0.00289223 0.00284591 0.00267380 0.00263435 0.00261909 0.00253919 0.00250705 0.00242014 0.00239536 0.00228195 0.00217717 0.00216035 0.00207726 0.00207273 0.00198053 0.00191255 0.00185738 0.00181885 0.00181334 0.00180523 0.00173794 0.00173600 0.00173104 0.00172712 0.00159795 0.00155769 0.00154321 0.00148671 0.00147638 0.00145959 0.00145191 0.00144394 0.00144011 0.00143817 0.00140761 0.00139211 0.00132789 0.00129884 0.00129465 0.00127389 0.00127273 0.00125629 0.00124450 0.00122542 0.00119581 0.00118427 0.00115299 0.00115237 0.00113475 0.00112535 0.00111564 0.00111475 0.00110500 0.00108759 0.00108432 0.00108218 0.00107831 0.00107661 0.00105235 0.00105074 0.00101861 0.00101421 0.00101061 0.00100301	16.316196353515195	98.47841353710331
10.25.23.ENCOCT19.R2__NA__NA__231027_WW__00X.variants.tsv	[('EG.5* [Omicron (EG.5.X)]', 0.5607285597137224), ('XBB.1.9.1* [Omicron (XBB.1.9.1.X)]', 0.13892628465410042), ('Other', 0.060158284304007464), ('XBB.1.5* [Omicron (XBB.1.5.X)]', 0.05324765638357653), ('XBB.2.3* (XBB.2.3.X)', 0.045428457776823354), ('XBB.1.16* [Omicron (XBB.1.16.X)]', 0.03241648409026873), ('XBB* (XBB.X)', 0.007364177766881468), ('BA.2.86* (BA.2.86.X)', 0.0064098441907016), ('XBB.1.9.2* [Omicron (XBB.1.9.2.X)]', 0.004326056889376954), ('CH.1.1* [Omicron (CH.1.1.X)]', 0.002880137164662825), ('Omicron', 0.0010844413360860399), ('LP.8.1* (LP.8.1.X)', 0.0010049878591458653)]	EG.5.1.6 EG.5.1.13 HV.1.1 FL.1.5.1 HN.1 HK.20 XCY JD.1 HH.1 JF.1.1 EG.5.1.4 HN.5 XBB.1.5.110 XCH.1 JA.1 HZ.1 XCZ HF.1 XBB.2.3.2 XCP HK.26 EG.5.1.9 JF.3 HV.1.2 JR.1.1.1 JJ.1 HK.3.13 GK.2.4 HV.1.5 XCT.1 GK.1.7 XBV XCF.1 XBB.1.35 JF.1 HH.8 HK.13.1 MD.1.1.1 GS.1 XBB.1.16.32 EG.2.3 KG.1 JG.3 JG.3.3 GU.1 GJ.5 XBB.1.16.27 JQ.2 GE.1.2.2 HN.6 XBB.1.45.1 JN.9 EG.14 GJ.3 FL.1.8 XDD.1.1.1 XDD.1.1 XBB.1.5.57 XBB.1.5.94 XBB.1.5.103 KC.1 HK.3.12 EG.9 HK.16 GM.3 XBB.1.5.87 HE.1 XBB.1.23 BA.2.86.5 XBB.1.5.106 EG.5.1.14 GJ.6 DV.7.1.7 XY XBB.1.36 QM.3	0.24009865 0.15229966 0.08048305 0.07733222 0.04664164 0.03805180 0.02582229 0.02024549 0.01878188 0.01559630 0.01255188 0.01096121 0.01058767 0.00909525 0.00901872 0.00850000 0.00831627 0.00663876 0.00635592 0.00618244 0.00571077 0.00449775 0.00411454 0.00373833 0.00371819 0.00350274 0.00347218 0.00339814 0.00327869 0.00290394 0.00270589 0.00268143 0.00261066 0.00246499 0.00234420 0.00232464 0.00229358 0.00220870 0.00206154 0.00205106 0.00178026 0.00176490 0.00172069 0.00172069 0.00170817 0.00170551 0.00167164 0.00164338 0.00151127 0.00146145 0.00144370 0.00139498 0.00132925 0.00132713 0.00129282 0.00127300 0.00127300 0.00125624 0.00124778 0.00124775 0.00123694 0.00122778 0.00121655 0.00121214 0.00120693 0.00119041 0.00118948 0.00118765 0.00116279 0.00116011 0.00114999 0.00113491 0.00111524 0.00108444 0.00107836 0.00100499	13.947325674389432	93.71634953014748
9.15.23.PLSEP12.R1__NA__NA__230922_WW__00X.variants.tsv	[('EG.5* [Omicron (EG.5.X)]', 0.24681146226638734), ('XBB.1.9.1* [Omicron (XBB.1.9.1.X)]', 0.1821091591412993), ('XBB.1.5* [Omicron (XBB.1.5.X)]', 0.17804800335284496), ('XBB.1.16* [Omicron (XBB.1.16.X)]', 0.11165060945183972), ('XBB.1.9.2* [Omicron (XBB.1.9.2.X)]', 0.07983361685480583), ('XBB.2.3* (XBB.2.3.X)', 0.050737254130478526), ('Other', 0.02436872654138209), ('XBB* (XBB.X)', 0.012266627471006418)]	HN.8 EG.5.1.4 FL.1.5 EG.5.1.3 XBB.1.16.19 GK.4 FD.1.1 HZ.1 EG.6.1 HK.29 XBB.1.16.11 HV.1 XBB.1.5.10 HK.19 EG.5.1.9 JF.4 HK.23 FL.1.5.1 XBB.1.16.15 XDJ EG.10 HV.1.2 XBB.1.9.2 FT.3.1 HP.1 GS.1 HP.1.1 FL.1.3 GJ.1 GJ.1.2.5 GJ.1.2.3 EG.1.2 FL.2.4 XBB.1.16.4 EG.2 EG.8 HK.32 HK.24 EG.5.1.19 HH.2 HK.30 HF.1.2 EG.2.2 HK.4 FL.24 GK.3.2 FL.20 XBB.1.5.99 EG.14 GY.9 KH.1 HZ.2 JB.1.1 XCW HK.6 GN.1.1 XBB.1.16.27 XCF.1 FW.1.1.1 JZ.1 XBB.1.5.94 JD.1.1.6 EK.1 FU.2.1 JD.1.1.5 XBB.2.3.18 EG.11 XBB.1.45.1 FU.4 FU.5 XCR HN.4 FU.1.1.1 JD.1.2.2 HK.31 HK.3.10 EG.5.2.3 JD.1.2.1 EG.2.3 EG.2.4 JM.2 EG.5.1.12 EG.1.1 KT.1.1 XBB.1.16.24 JS.1 HT.1 XDG GS.4 EG.4.2 GK.10 EK.2 FL.2.2 HV.1.7 FL.1.8 XCV FL.36 HK.13.1 XBB.2.3.8 XBB.1.5.82 XBB.1.27 HH.8.1 XCM EK.2.1 FE.1.1.3 GN.1.2 FL.13.5 FL.31.1 XBB.1.16.8 FY.6.2 HC.3 JD.2.1 XBL.1 XBB.2.3.16 GS.3 HE.1 FL.32.1 GN.1.4 HK.3.12 XBB.1.16.28 XBB.1.5.109 XBB.1.16.16 JU.1 KJ.1 XBB.1.5.103 FL.20.1 FU.3 GW.1.1 HK.3.4 EG.1.7 XCP FP.1 HH.7 XBB.1.5.74 EU.1.1.3	0.10137400 0.06761796 0.03819229 0.03264845 0.03248260 0.02974980 0.02706647 0.02705159 0.02609641 0.02550360 0.02373246 0.02246824 0.02204084 0.02040614 0.01903370 0.01155470 0.01092059 0.01080918 0.01039309 0.01013950 0.01008076 0.00983426 0.00908577 0.00842756 0.00838230 0.00822280 0.00785876 0.00754717 0.00713070 0.00658011 0.00624327 0.00611726 0.00586892 0.00568237 0.00566921 0.00545987 0.00515464 0.00469128 0.00450635 0.00438184 0.00437190 0.00404985 0.00373533 0.00356473 0.00336970 0.00325340 0.00302840 0.00302501 0.00299192 0.00291651 0.00291474 0.00288040 0.00276490 0.00271706 0.00270570 0.00249164 0.00244279 0.00238487 0.00235287 0.00234162 0.00232893 0.00227860 0.00225559 0.00225100 0.00219387 0.00219299 0.00218466 0.00217690 0.00212932 0.00206626 0.00203924 0.00203233 0.00200815 0.00200693 0.00200250 0.00199903 0.00199692 0.00198807 0.00193886 0.00193051 0.00192231 0.00190811 0.00185125 0.00184436 0.00182967 0.00179142 0.00170110 0.00169837 0.00164602 0.00160893 0.00160527 0.00159615 0.00159079 0.00156947 0.00155672 0.00153135 0.00151771 0.00149868 0.00147468 0.00147203 0.00146966 0.00144631 0.00144575 0.00144336 0.00141908 0.00141510 0.00139762 0.00138371 0.00138322 0.00137658 0.00135722 0.00135685 0.00134308 0.00133655 0.00132865 0.00132584 0.00131406 0.00131291 0.00131239 0.00131020 0.00124665 0.00122145 0.00118843 0.00116390 0.00113470 0.00112655 0.00111076 0.00110329 0.00109683 0.00108288 0.00106951 0.00104241 0.00101439 0.00101089 0.00100951	14.462154344465539	97.63568872688359
9.13.23.ENCSEP06.R2__NA__NA__230922_WW__00X.variants.tsv	[('EG.5* [Omicron (EG.5.X)]', 0.5369096662169858), ('XBB.1.16* [Omicron (XBB.1.16.X)]', 0.13236833993872102), ('XBB.1.5* [Omicron (XBB.1.5.X)]', 0.12281926376294795), ('XBB.1.9.1* [Omicron (XBB.1.9.1.X)]', 0.05711519801345168), ('Other', 0.040317932008876296), ('XBB* (XBB.X)', 0.015625321759343683), ('XBB.1.9.2* [Omicron (XBB.1.9.2.X)]', 0.013806142291474892), ('XBB.2.3* (XBB.2.3.X)', 0.0010794255337186782)]	EG.5.1.16 HK.29 EG.5.2 EG.5.1.4 FT.3.1.1 FT.3.1 XBB.1.16.16 EG.5.1.14 XBB.1.16.6 HN.1 HK.3.3 XBB.1.16.1 XCQ EG.6.1 XDJ XBB.1.16.7 HK.23 XDB FL.1.2 XBB.1.5.47 HK.3.12 HK.19 JF.4 FL.20 XBB.1.16.19 EG.5.1.1 XBB.1.16.9 FU.4 EG.5.2.4 XBB.1.38 HK.3.9 FL.6 XBB.1.5.99 FL.8 XBB.1.5.10 XBB.1.5.94 XBB.1.5.35 HK.23.1 HZ.2 FL.1.8 XBB.1.16.32 FD.1.1 FL.32.1 XDG FE.1 FU.5 XCF.2 HU.2 XBB.1.18.1 HK.13.1 XBB.1.7 FY.2.1 XBB.1.37.1 XBB.1.5.108 FP.2 XBB.1.16.27 XBB.1.5.57 XBB.1.5.82 FE.1.1.4 FL.38 FL.4.4 HK.31 HK.9 FL.22 XBB.1.5.109 XBB.2.3.21 FY.3.2 HK.6 XBB.1.36 EG.5.1.10 FD.3 EK.3	0.16391390 0.13749200 0.06952018 0.05677855 0.04679625 0.04679625 0.04472858 0.03522614 0.03207811 0.02933755 0.02812593 0.01592997 0.01388101 0.01380614 0.01296893 0.01287558 0.01110619 0.01038218 0.00895583 0.00863533 0.00763160 0.00711293 0.00644252 0.00627754 0.00567934 0.00523172 0.00518252 0.00480873 0.00396192 0.00328304 0.00304172 0.00288560 0.00271410 0.00269663 0.00260835 0.00242893 0.00220101 0.00218637 0.00213393 0.00205981 0.00187299 0.00187116 0.00163390 0.00162768 0.00160775 0.00158596 0.00145812 0.00132963 0.00130436 0.00129921 0.00123396 0.00122644 0.00120349 0.00119784 0.00119027 0.00118404 0.00116197 0.00113811 0.00113175 0.00109074 0.00109063 0.00108944 0.00108854 0.00108696 0.00108339 0.00107943 0.00106751 0.00106160 0.00104714 0.00104172 0.00104020 0.00101245	13.187254918399425	96.02381032003478
10.06.23.PLOCT04.R1__NA__NA__231006_WW__00X.variants.tsv	[('EG.5* [Omicron (EG.5.X)]', 0.48449669108534993), ('XBB.1.5* [Omicron (XBB.1.5.X)]', 0.12985641710438495), ('XBB.1.9.2* [Omicron (XBB.1.9.2.X)]', 0.08851635200464696), ('XBB.1.16* [Omicron (XBB.1.16.X)]', 0.06814982307085099), ('Other', 0.060720624703786946), ('XBB.1.9.1* [Omicron (XBB.1.9.1.X)]', 0.038101641619017176), ('XBB* (XBB.X)', 0.028081813085368234), ('XBB.2.3* (XBB.2.3.X)', 0.01052146751263087)]	EG.5.1.3 EG.5.1.6 XCY EG.2 HK.5 HK.31 XBB.1.5.33 XBB.1.16 EG.6.1 HV.1.6.1 HV.1.2 EG.5.1.9 XBB.1.5.11 JD.1 FL.1.5.1 HY.1 HZ.1 JJ.1 EG.10 GK.1.1 XBB.1.5.43 XBB.1.16.14 XBB.1.5.35 EG.4.5 XCZ XBB.1.16.18 EG.5.1.17 HN.1 FL.23.1 XBB.1.5.110 JF.1.1.2 HK.30 HF.1.1 XBB.1.16.19 XBB.1.41.2 HN.3 FU.5 HK.27 XBB.1.16.13 HN.2.1 GS.4 EG.7 EG.5.1.10 FT.1 HK.7 JD.1.1.5 XCF.1 EG.5.1.13 XBB.1.5.72 EG.5.1.7 EG.8 GA.9 FL.1.8 FL.29 FE.1.1.4 KT.1.2 XBB.1.16.28 KJ.1 XBB.1.35 EG.14 FL.22 XCH.1 JF.3 XBB.1.5.109 HK.3.12 EG.2.5 HK.13.1 EG.2.3 XBB.1.5.82 XBB.1.16.30 HR.1.1 XBB.1.16.27 XBV FU.3.1 XBB.1.5.27 FP.2.1.2 EG.9.1 HV.1 GN.1.4 XBB.1.43.1 XBB.1.37.1 JM.2 XCM XBB.1.7 FZ.2 GA.6.1 FL.3.2 JM.1 XCG JF.4 XBB.1.16.25 GJ.1.2.5 HK.32 HV.2 EG.6.1.2 XBB.1.15.1 XBB.1.41.3 XBB.7 GA.4.1.1 HF.1.2 JR.1.1 HU.1.1 GJ.4 FE.1.2 FY.5.4 HJ.1 GJ.1.2.4 GJ.3 FL.16 HP.1.1 EK.2.1 XBB.1.45.1 JD.1.2.1 XCW EG.4.1 XBB.1.5.58 GZ.1 XBL.2 XDG FL.13.2.1 GK.5.1 JC.6 XCN JB.1.1 FD.5.1 XBB.1.9.6	0.23939535 0.08492203 0.04300518 0.04179381 0.04024420 0.02686966 0.02527552 0.02166421 0.01918715 0.01872053 0.01863909 0.01663590 0.01539640 0.01483373 0.01331436 0.01238489 0.01019110 0.00903391 0.00818476 0.00806445 0.00739450 0.00716371 0.00667880 0.00534563 0.00501627 0.00496331 0.00479774 0.00466030 0.00463499 0.00420151 0.00415653 0.00374747 0.00369190 0.00354946 0.00346047 0.00312412 0.00306092 0.00301021 0.00293519 0.00291965 0.00290569 0.00266126 0.00263068 0.00260643 0.00259794 0.00252410 0.00245640 0.00237869 0.00237436 0.00229358 0.00226650 0.00221194 0.00211954 0.00206224 0.00205215 0.00199248 0.00197873 0.00197785 0.00190639 0.00182732 0.00179995 0.00178678 0.00176949 0.00175849 0.00175439 0.00174193 0.00169664 0.00169257 0.00168972 0.00167424 0.00160043 0.00156128 0.00155369 0.00155340 0.00153959 0.00152468 0.00150150 0.00148624 0.00147197 0.00145560 0.00145297 0.00144076 0.00141034 0.00140431 0.00140199 0.00134486 0.00134209 0.00131406 0.00131234 0.00127356 0.00126517 0.00125976 0.00125366 0.00125313 0.00124733 0.00124248 0.00120208 0.00117850 0.00116722 0.00115607 0.00113565 0.00113266 0.00111940 0.00111731 0.00111669 0.00110278 0.00110066 0.00109963 0.00108808 0.00108620 0.00108342 0.00108243 0.00108225 0.00107556 0.00106661 0.00105522 0.00104384 0.00103933 0.00103842 0.00103634 0.00103327 0.00102776 0.00102631 0.00102339 0.00100189 0.00100134	17.40898339694746	98.5151991438986
10.04.23.PLOCT01.R1__NA__NA__231006_WW__00X.variants.tsv	[('EG.5* [Omicron (EG.5.X)]', 0.3795553795352881), ('XBB.1.9.1* [Omicron (XBB.1.9.1.X)]', 0.2581787732720816), ('XBB.1.16* [Omicron (XBB.1.16.X)]', 0.12093445542762711), ('XBB.1.5* [Omicron (XBB.1.5.X)]', 0.10698501810966912), ('XBB.2.3* (XBB.2.3.X)', 0.0221726124075997), ('Other', 0.020910188024365985), ('XBB* (XBB.X)', 0.013459070457439269), ('XBB.1.9.2* [Omicron (XBB.1.9.2.X)]', 0.005613665949036241)]	HN.1 HK.4 HF.1.1 EG.5.1.16 HV.1.2 EG.5.1 FL.1.5.1 FL.1.4 EG.5.1.9 EG.5.1.1 GK.1.1 EG.5.1.7 EG.5.1.14 GK.1.6 EG.5.1.3 HN.3 GJ.1.2.6 FL.33.1 HY.1 XBB.1.16.17 JG.3.4 XCY XBB.1.16.8 XBB.1.5.28 XBB.1.16.20 XBB.1.5.78 JF.4 XCR HK.26 FU.1 HV.1.6.1 FL.23.1 EG.5.1.2 HK.31 FL.20.2 XBB.1.5.76 GE.1.3 GV.1 XBB.1.16.4 XBB.1.16.14 JF.1 HK.30 FL.2.2 XBB.1.5.82 GK.7 XBB.1.16.21 FT.3.1 HK.29 EG.2.2 HK.23 EG.5.1.13 XBB.1.5.109 XBB.1.16.19 XBB.1.16.32 HK.3.11 HK.13.1 XBB.1.5.61 XBB.1.5.88 FL.5.1 XBB.1.5.99 GB.2 EK.2.1 XBB.1.5.6 FL.1.8 JR.1 XBB.1.16.16 FL.18.1 XBB.7 EG.5.1.15 FE.1.1.3 GA.2.1.1 FL.22 JB.1.1 XCZ FL.39.1 JM.1 GK.2.3 XBB.1.16.30 XBB.1.16.27 HV.1.3 XCW FL.1.2 FL.3.3 EG.7 FL.24 HK.3.12 FL.38 EG.5.1.12 XBB.1.47.1 KT.1.2 XCP XBB.1.9.6 FU.5 GK.10 XDG HD.1 XBB.1.5.94 FL.31.1 GE.1.4 GS.4 JZ.1 FE.1.1.4 KJ.1 HZ.3 HZ.1 XBB.1.16.24 EG.9.1 XBB.2.3.8 FP.2.1.1 XBB.1.43.1 FY.2.1 FE.1.1.1 XBB.1.16.5	0.12660410 0.08724098 0.04830324 0.04716086 0.04300862 0.04226159 0.03976302 0.03494994 0.03092148 0.02234910 0.02028817 0.01652890 0.01650758 0.01402995 0.01390917 0.01351545 0.01245823 0.01162793 0.00978970 0.00949406 0.00907309 0.00853581 0.00827798 0.00824038 0.00786987 0.00761064 0.00671141 0.00669550 0.00644884 0.00633567 0.00616369 0.00616073 0.00584795 0.00566930 0.00522777 0.00494559 0.00484307 0.00480411 0.00458485 0.00456934 0.00440078 0.00404531 0.00372610 0.00354860 0.00349039 0.00337154 0.00325530 0.00316456 0.00308382 0.00304592 0.00304140 0.00299175 0.00294841 0.00285942 0.00254463 0.00247979 0.00247768 0.00242796 0.00229173 0.00225155 0.00214590 0.00213899 0.00212331 0.00212063 0.00203772 0.00199233 0.00198204 0.00185529 0.00184503 0.00180544 0.00172348 0.00169296 0.00167868 0.00163969 0.00162338 0.00160821 0.00157288 0.00151825 0.00150058 0.00146842 0.00146080 0.00143503 0.00142999 0.00142655 0.00142468 0.00142239 0.00138398 0.00136907 0.00136137 0.00135069 0.00133377 0.00132709 0.00130846 0.00124690 0.00124462 0.00124133 0.00122812 0.00121930 0.00121132 0.00120772 0.00117240 0.00116583 0.00115430 0.00114701 0.00113773 0.00112068 0.00110330 0.00110159 0.00107387 0.00106351 0.00106116 0.00102205 0.00100508	16.28423055652797	95.71280473531084
10.11.23.SBOCT05.R1.rerun__NA__NA__231023_WW__00X.variants.tsv	[('EG.5* [Omicron (EG.5.X)]', 0.3919211744529322), ('XBB.1.5* [Omicron (XBB.1.5.X)]', 0.19622103532354457), ('XBB.1.16* [Omicron (XBB.1.16.X)]', 0.16338179999918337), ('XBB.1.9.1* [Omicron (XBB.1.9.1.X)]', 0.07788203621462625), ('XBB* (XBB.X)', 0.056543357200117446), ('XBB.1.9.2* [Omicron (XBB.1.9.2.X)]', 0.031576585609861506), ('XBB.2.3* (XBB.2.3.X)', 0.012893590704949921), ('Other', 0.010102897069757711)]	HK.19 HV.1 EG.5.1.4 HR.1.1 FL.1.5 XBB.1.16.15 XBB.1.16.17 HK.23 HK.27 XBB.1.48 HJ.1 XBB.1.5.32 XBB.1.16.4 XBB.1.16.19 EG.6.1 XBB.1.5.91 GJ.1.2.6 XBB.1.5.96 FL.6 HT.1 XBB.1.5.78 XBB.1.5.15 FD.5 XBB.1.45 HK.11 HK.29 XDC FL.22 FD.5.1 HV.1.7 HN.4.2 XBB.1.18.1 XBB.1.34.1 XBB.1.16.10 XBB.1.15.1 XBB.1.5.23 JC.6 FT.1 FD.1.1 EG.11 EG.9 XBB.1.5.76 EG.2.3 XBB.1.12 XBB.1.16.24 FY.2.1 XBB.1.43.1 HV.1.10 EG.14 XBB.1.24 XDG HN.7 EG.2.2 B.58 FW.3 XBB.1.16.27 HK.13.1 EG.5.1.12 XBB.1.27 XBB.1.5.50 HK.3.12 XBB.1.5.61 GA.4.2 FL.23.1 HK.6 JW.1.1 XCM GA.10.1 XBB.2.9 FL.4.4 XCF.1 FD.2.1 HK.3.9 HZ.2 XDA.1 XBB.1.16.5	0.14255809 0.08833674 0.07319521 0.06699283 0.05727570 0.05640001 0.05081319 0.03607528 0.03206108 0.02857141 0.02832577 0.02697479 0.02649650 0.02334079 0.02302777 0.02282347 0.01289359 0.01163751 0.01004276 0.00856195 0.00534400 0.00457318 0.00457318 0.00445516 0.00435887 0.00422535 0.00392334 0.00380952 0.00345245 0.00330579 0.00297176 0.00273366 0.00265957 0.00228305 0.00222936 0.00217354 0.00214253 0.00210600 0.00207842 0.00201478 0.00197013 0.00180078 0.00164473 0.00163714 0.00163132 0.00162602 0.00158479 0.00155427 0.00149873 0.00148588 0.00144718 0.00143232 0.00142044 0.00137983 0.00136054 0.00135871 0.00134138 0.00130976 0.00130889 0.00130377 0.00129906 0.00129862 0.00127888 0.00123390 0.00120091 0.00119175 0.00115074 0.00115038 0.00112740 0.00111607 0.00111129 0.00110494 0.00109939 0.00109584 0.00109051 0.00105824	16.993039736532108	94.84332675651272
10.18.23.SBOCT15.R1__NA__NA__231027_WW__00X.variants.tsv	[('EG.5* [Omicron (EG.5.X)]', 0.4136045430836057), ('XBB.1.16* [Omicron (XBB.1.16.X)]', 0.23250269311370397), ('XBB.1.5* [Omicron (XBB.1.5.X)]', 0.13113944389378335), ('XBB.1.9.1* [Omicron (XBB.1.9.1.X)]', 0.06397887818484263), ('XBB.1.9.2* [Omicron (XBB.1.9.2.X)]', 0.032963744391608596), ('XBB.2.3* (XBB.2.3.X)', 0.015341445779372083), ('XBB* (XBB.X)', 0.010370289211618762), ('Other', 0.007581820043921013)]	EG.5.1.4 HV.1 XBB.1.16.1 XBB.1.16.27 HN.1 XBB.1.16.19 HV.1.2 XBB.1.5.59 XBB.1.5.28 EG.2 EG.5 HK.23 EG.5.1.13 JF.1.1 XBB.2.3.17 XBB.1.5.80 GK.1 XBB.1.16.6 HK.19 EG.5.1.7 GK.10 HN.3 FU.5 HK.13.1 JG.1 XBB.1.5.47 XCF.1 XCS EG.5.2.3 XBB.1.5.26 HV.1.7 FY.2.1 FU.4 XBB.1.5.35 XBB.1.5.31 GK.1.7 HK.15 GK.1.4 FZ.2 XBB.1.5.81 XBB.1.5.109 GJ.1.2.2 XBB.1.16.25 JR.1 KM.1 XBB.1.34.1 XBB.1.5.82 JF.1.1.1 HV.1.6.1 HK.23.1.1 EG.5.1.16 FG.3 EG.2.3 XBB.1.45.1 HS.1.1 XBB.2.3.18 XBB.1.37.1 KN.1.1 JD.1.1.2 JG.3.2 HK.9 XDG JD.1.1.6 HV.1.9 JD.1.1.1 GW.1.1 FW.1.1.1 XCW XBB.1.5.64 JD.1.1.5 XBB.1.47 FY.4.1.1 XBB.1.5.36 XBB.1.5.50 HK.3.12	0.14371058 0.12395984 0.08572831 0.06912110 0.06025541 0.04912818 0.04565538 0.03901067 0.03424010 0.03164274 0.02602766 0.02484911 0.01669879 0.01258075 0.01244000 0.01182238 0.00887151 0.00729927 0.00554531 0.00411371 0.00408490 0.00372347 0.00350632 0.00313994 0.00292396 0.00280648 0.00276615 0.00258606 0.00254842 0.00242191 0.00223964 0.00212619 0.00209856 0.00207281 0.00206515 0.00205678 0.00189250 0.00187446 0.00184682 0.00182968 0.00164774 0.00163934 0.00159151 0.00149363 0.00148367 0.00148103 0.00147584 0.00144869 0.00144753 0.00143135 0.00139859 0.00134220 0.00132101 0.00127739 0.00127388 0.00126210 0.00123038 0.00122632 0.00121702 0.00118976 0.00118357 0.00116146 0.00115859 0.00113523 0.00111982 0.00107493 0.00106880 0.00106815 0.00106493 0.00106374 0.00106229 0.00104928 0.00103850 0.00102354 0.00102006	15.93760384954135	97.30461826572585
11.01.23.ENCOCT27.R1__NA__NA__231109_WW__00X.variants.tsv	[('EG.5* [Omicron (EG.5.X)]', 0.5701475415813956), ('XBB.1.9.1* [Omicron (XBB.1.9.1.X)]', 0.10780591279936819), ('XBB.1.9.2* [Omicron (XBB.1.9.2.X)]', 0.10387376901202319), ('XBB.1.16* [Omicron (XBB.1.16.X)]', 0.05487312488519388), ('Other', 0.02739597442483259), ('BA.2.86* (BA.2.86.X)', 0.026593458882408418), ('XBB.1.5* [Omicron (XBB.1.5.X)]', 0.010974283348734787), ('XBB* (XBB.X)', 0.006392517782471293), ('A', 0.001104847331210237)]	EG.5.1 EG.5.1.6 HV.1.1 EG.5.1.4 JF.4 JG.3.1 EG.2 XBB.1.9.2 FL.20 JG.3 JG.3.3 HV.1.4 HK.11 FL.32.1 HV.1.6.1 HK.27 EG.5.1.13 XCY XDJ GK.1.6.1 EG.7 FL.15.1 EG.5.1.9 HV.1.7 XCZ FL.8 FL.6 FL.2.1 FL.1.5.1 FL.1.5 KB.3 FL.15.1.1 HV.1.2 HK.17 LA.2 JN.1.16.2 LA.1 HN.5 HK.13.1 FL.20.1 MD.3.1 FL.2.3.1 HK.29 HK.31 JN.1.54.1 MJ.1 FL.9 HK.6 EG.5.1.15 XDG HE.1 XBB.1.16.27 XCV XBB.3.1 XBB.1.10 JN.1.39.1 HK.22 GK.1.11 FL.29 FL.18.1.1 HK.3.12 XBB.8.1 JD.1.2.1 EG.11 JF.1 JN.1.57.1 JF.3 XCK JN.1.51.1 EG.2.3 EG.2.4 JN.3.2.1 FL.13.2.1 FL.20.2 FL.4.5 XBB.1.16.25 LF.2 JG.1 FL.10.3 EG.4.4 A.2.2 EG.14 KJ.1 LF.3.1.1 XEK.1.1 EG.12 JN.1.66 KP.2.19	0.10047045 0.08641828 0.07507286 0.05252243 0.04822450 0.04761900 0.04657658 0.04406700 0.04344306 0.03835112 0.03835112 0.02684994 0.02342897 0.01801800 0.01729611 0.01704550 0.01086960 0.00869493 0.00834157 0.00819672 0.00616197 0.00568595 0.00542265 0.00447427 0.00445256 0.00408163 0.00396781 0.00379125 0.00363277 0.00361651 0.00336700 0.00332305 0.00330470 0.00328833 0.00325686 0.00325686 0.00325686 0.00317765 0.00309442 0.00290276 0.00289524 0.00264925 0.00257069 0.00235294 0.00219010 0.00218296 0.00207782 0.00203311 0.00196721 0.00189959 0.00177250 0.00176955 0.00168492 0.00164895 0.00160728 0.00153022 0.00148087 0.00142197 0.00139389 0.00137817 0.00137017 0.00136379 0.00135560 0.00135318 0.00134921 0.00129792 0.00129007 0.00128090 0.00127767 0.00126358 0.00123039 0.00120844 0.00119048 0.00118343 0.00117844 0.00116221 0.00115359 0.00112581 0.00111398 0.00110637 0.00110485 0.00108186 0.00107759 0.00105698 0.00104150 0.00103284 0.00102093 0.00100885	17.31946266911733	96.81637293916998
9.27.23.PLSEP24.R2__NA__NA__230929_WW__00X.variants.tsv	[('EG.5* [Omicron (EG.5.X)]', 0.30581649954170254), ('XBB.1.5* [Omicron (XBB.1.5.X)]', 0.15062339722791104), ('XBB.1.9.1* [Omicron (XBB.1.9.1.X)]', 0.12762415973419358), ('XBB.1.16* [Omicron (XBB.1.16.X)]', 0.11885492072869273), ('XBB* (XBB.X)', 0.07384462960805804), ('XBB.2.3* (XBB.2.3.X)', 0.06325960725474016), ('Other', 0.048550596950042116), ('XBB.1.9.2* [Omicron (XBB.1.9.2.X)]', 0.024566669674430372), ('CH.1.1* [Omicron (CH.1.1.X)]', 0.001561778037748332)]	EG.5.1.4 GN.1 FL.1.5 XBB.1.42 XDJ JF.1 FL.2.4 HN.1 GN.1.1 HV.1.1 HV.1 JM.1 HF.1.2 FU.2 HV.1.5 HK.27 EG.5.1.3 GJ.1.2.6 EG.6.1.2 HZ.1 HK.23 HV.1.4 FD.1.1 FL.24 JM.2 HK.5 EG.11 GK.2.4 XBB.2.3.3 HG.1 KA.1 XBB.2.3.16 FY.2.1 XCV XBB.1.17 EG.5.1.14 XBB.1.16.15 HV.1.9 FL.31.1 HG.1.1 XCZ EG.6.1 HZ.2 GJ.1.2.3 XBB.1.16.14 HK.6 FD.2 EG.5.1.19 GN.1.4 GJ.1.2 FU.1 XBB.1.5.94 JF.3 HK.15 GK.2.1.1 EG.5.1.9 XBB.7 JS.2 EG.5.2.1 EG.2.3 XBB.1.45.1 FD.3 XBB.2.3.9 HH.7 XDG JF.4 HV.1.7 HK.3.2.2 GS.4 FL.1.5.2 JD.1.1.6 HK.30 GJ.1.2.5 XBV GJ.1.2.4 XBB.8.1 FU.5 XBB.1.5.68 XBB.1.16.27 FL.2.2 XBB.1.5.106 FE.1.1.4 JL.1 GW.1.1 GA.8.1 FU.1.1.1 KC.1 EK.2 XBB.2.3.7 XBB.1.5.50 JD.1.1.5 FL.2.1 XCP HH.1 KJ.1 HK.31 GK.2.3 FD.5.1 GK.1.1.1 HK.28 JB.1.1 HK.29 HK.3.12 GE.1.2.2 XBB.1.5.72 HZ.3 JD.1.1.3 XBB.2.3.14 FL.1.8 XBB.2.3.21 XBB.1.9.6 FL.13.5 EG.5.2.2 KT.1.2 HU.2 HK.9 XBB.1.5.109 FL.4.2 KN.1 JF.1.1.1 XBB.1.5.108 FL.2.3.1	0.14904928 0.05355046 0.05170385 0.04824614 0.03301894 0.03252730 0.02662649 0.02448726 0.02300644 0.02234596 0.02038819 0.01969540 0.01769106 0.01689006 0.01610981 0.01605612 0.01492461 0.01195492 0.01122936 0.01122372 0.01003157 0.00984150 0.00877618 0.00862427 0.00726154 0.00710975 0.00677002 0.00658948 0.00657330 0.00642577 0.00633465 0.00617717 0.00595708 0.00568180 0.00551537 0.00548076 0.00530116 0.00528339 0.00526119 0.00422109 0.00420352 0.00397550 0.00391660 0.00372617 0.00372565 0.00369071 0.00366294 0.00360518 0.00342782 0.00326073 0.00309469 0.00306666 0.00306052 0.00302757 0.00298080 0.00277199 0.00277007 0.00266707 0.00259867 0.00259179 0.00248465 0.00239917 0.00238947 0.00234139 0.00231228 0.00212220 0.00210567 0.00210083 0.00205891 0.00199966 0.00198944 0.00198506 0.00196657 0.00194421 0.00193718 0.00191918 0.00186336 0.00177492 0.00172655 0.00168061 0.00163293 0.00161732 0.00156178 0.00155616 0.00154686 0.00152555 0.00149990 0.00147338 0.00146723 0.00145662 0.00140876 0.00140335 0.00138985 0.00136024 0.00134913 0.00131952 0.00131750 0.00131705 0.00130143 0.00128309 0.00125733 0.00125259 0.00125241 0.00124807 0.00124720 0.00122362 0.00121045 0.00120842 0.00117720 0.00116511 0.00113257 0.00112932 0.00112486 0.00111080 0.00109923 0.00107741 0.00104755 0.00102731 0.00102346 0.00102074 0.00100684 0.00100375	15.68753359436175	97.45176069290707
9.15.23.PLSEP13.R2__NA__NA__230922_WW__00X.variants.tsv	[('XBB.1.5* [Omicron (XBB.1.5.X)]', 0.2875902653731298), ('EG.5* [Omicron (EG.5.X)]', 0.21123821299530615), ('XBB.1.16* [Omicron (XBB.1.16.X)]', 0.12975710879492877), ('XBB.2.3* (XBB.2.3.X)', 0.07414347052205388), ('XBB.1.9.2* [Omicron (XBB.1.9.2.X)]', 0.07369178867256132), ('XBB.1.9.1* [Omicron (XBB.1.9.1.X)]', 0.05324029865080707), ('XBB* (XBB.X)', 0.03919538981903692), ('Other', 0.021401698202962737)]	HZ.1 EG.5.1.4 EG.2 GE.1.4 XBB.1.16.19 JF.1 HN.5 HK.29 EG.5.1.3 EG.5.1.1 HV.1.2 XBB.1.5.72 HV.1 HF.1 GJ.1.2.6 HN.1 EG.5.1.16 XBB.1.9.7 EG.6.1 JF.4 HS.1.1 GK.1.4 XBB.1.42.1 XBB.2.3.17 HV.2 FL.1.5.1 FU.1 GL.1 FU.2.1 GK.1.9 HK.5 HF.1.2 HY.1 EG.5.1.7 EG.5.1.9 HK.2 HK.23 EG.5.1.13 EG.1.6 XBB.1.16.15 XAY.1.1.3 HK.15 HK.30 HN.3 HK.6 HK.27 GJ.2 HK.3.3 HV.1.9 XBB.1.16.31 JC.2 XCS GK.3.2 XBB.1.37.1 XCZ GL.2 XBB.1.45.1 HF.1.1 JC.4 FU.5 FL.4.7 EG.5.2.2 EG.2.3 EG.5.1.10 HK.9 EG.5.2.3 GJ.6 GJ.5 JF.1.1.1 EG.4.5 FL.14 HV.1.1 XBB.1.16.30 FL.2.2.1 HV.1.7 XBB.1.27 HV.1.6.1 FL.2.3.1 HN.2 XBB.1.16.27 HN.4.1.1 EG.5.1.12 FU.2 EK.2.1 GK.3 KJ.1 HK.3.4 HR.1.1 EG.2.4 EG.9.1 GK.1.10 FY.2.1 FL.38 FL.1.5.2 XCT.1 GG.1 XBB.1.5.50 FE.1.1.3 FP.2.1.2 XBB.1.5.81 FY.4.2 HK.31 XCR FY.5.3 XBB.2.3.9 HK.3.12 GJ.1.1 HK.3.13 XCH GE.1.2.2 JR.1.1.1 XDG XBB.1.31 HK.13.1 FL.13.5 JW.1.1 HJ.1 XBB.1.24 XBB.1.16.20 EG.2.1 JJ.1 FL.39.1 FY.1.4.1 GB.2 XBB.1.16.29 XBB.2.3.18	0.23586700 0.05653152 0.05380390 0.04390180 0.03896560 0.03331911 0.01740420 0.01609160 0.01538840 0.01390985 0.01354824 0.01318662 0.01304523 0.01211217 0.01191799 0.01121026 0.00993377 0.00977118 0.00860759 0.00751605 0.00742191 0.00735527 0.00726091 0.00717489 0.00714225 0.00642408 0.00607906 0.00584352 0.00558265 0.00526901 0.00522565 0.00494511 0.00463855 0.00399088 0.00395691 0.00378561 0.00377087 0.00369894 0.00358443 0.00351071 0.00333096 0.00331625 0.00323276 0.00308093 0.00307278 0.00294516 0.00293293 0.00286876 0.00278480 0.00269731 0.00268855 0.00257599 0.00256457 0.00254534 0.00251889 0.00251232 0.00250778 0.00250616 0.00247668 0.00245759 0.00221612 0.00215444 0.00214631 0.00208183 0.00207968 0.00201952 0.00193892 0.00188607 0.00187266 0.00186996 0.00182154 0.00180646 0.00176684 0.00174193 0.00169492 0.00164745 0.00164317 0.00160036 0.00156576 0.00155639 0.00154395 0.00149656 0.00144311 0.00142857 0.00140213 0.00139501 0.00138696 0.00136465 0.00133378 0.00132333 0.00132139 0.00131260 0.00128944 0.00128351 0.00127845 0.00127030 0.00125572 0.00124770 0.00122262 0.00120606 0.00119427 0.00119078 0.00117114 0.00116465 0.00115922 0.00115000 0.00113988 0.00112025 0.00109284 0.00109162 0.00108142 0.00107759 0.00107598 0.00107332 0.00104621 0.00104295 0.00102881 0.00102703 0.00102408 0.00102249 0.00101869 0.00101202 0.00100971 0.00100970 0.00100750 0.00100015	15.473108979860621	99.38802126876902
11.01.23.PLOCT29.R2__NA__NA__231109_WW__00X.variants.tsv	[('EG.5* [Omicron (EG.5.X)]', 0.5658743395038418), ('XBB.1.5* [Omicron (XBB.1.5.X)]', 0.08528886990716662), ('XBB.1.16* [Omicron (XBB.1.16.X)]', 0.06712157825623828), ('Other', 0.059598773295715515), ('XBB.1.9.1* [Omicron (XBB.1.9.1.X)]', 0.05885444830584584), ('XBB.1.9.2* [Omicron (XBB.1.9.2.X)]', 0.047291650581654576), ('XBB.2.3* (XBB.2.3.X)', 0.015438329572316134), ('XBB* (XBB.X)', 0.005623558224726044), ('BA.2.86* (BA.2.86.X)', 0.0010717515548717348)]	HV.1.2 HK.28 HV.1 HK.19 EG.6 EG.5.1.4 HK.8.1 FL.1.2 EG.5.1.6 FU.1 HK.23 JF.1.1 XCY HN.4 XBB.1.5.35 XDB HK.13 GK.1.1 HK.27 XCZ EG.5.1.5 XBB.1.16.15 GK.1.11 HK.30 HK.26.1 FL.23.1 EG.11 HK.15 JM.2 HK.20.1 GJ.1 JD.2 GK.1.7 GK.1.1.1 XBW GJ.7 HV.1.4 GK.10 EG.2.3 XDJ EG.7 JR.1.1 GK.1.8 HK.7 JS.2 EG.5.1.9 JG.3 JG.3.3 XBB.1.16.7 GK.4 HK.3.5 FL.8 GK.7 GA.7.1 FL.22 HK.6 XCP HV.1.7 FL.13.2.1 XDM XBB.1.5.33 EG.5.2.3 GK.1.2.1 FY.2.1 GJ.1.2.4 HK.13.1 XBB.1.5.105 HK.3.12 JJ.1 XDG EG.5.1.15 JF.4 GK.6 EG.5.1.13 FL.9 GU.1 EG.14 HV.1.9 HK.9 FT.3.1 EK.2 XBB.1.16.32 HK.13.2.1 EG.4.4 KJ.1 XBB.1.5.38 HK.29 EU.1.1.3 XCR HZ.2 GK.5 XBB.8.1 XBB.1.5.70 XBB.1.5.50 XDK.1.1 HV.1.5 GJ.4 HK.3.2.1 HN.7 FL.4.4 FL.1.8 HF.1.1 HT.1 JF.1.1.2 KB.1 MD.1.1.1 HK.32 EK.3	0.15106599 0.09876540 0.05618035 0.04994942 0.03069353 0.02910563 0.02462591 0.02403533 0.02308131 0.02284233 0.02243117 0.01974753 0.01669914 0.01630079 0.01595830 0.01539323 0.01461017 0.01207768 0.01194320 0.01070820 0.01008170 0.00909425 0.00896734 0.00711744 0.00694976 0.00651466 0.00606027 0.00597213 0.00593924 0.00551326 0.00488172 0.00463474 0.00455478 0.00450704 0.00439560 0.00431344 0.00428736 0.00427053 0.00404005 0.00381119 0.00368291 0.00361915 0.00360231 0.00356234 0.00307857 0.00300300 0.00292356 0.00292356 0.00288313 0.00274725 0.00274223 0.00258693 0.00241327 0.00237812 0.00236407 0.00235092 0.00231362 0.00222552 0.00216451 0.00216364 0.00213780 0.00211416 0.00209864 0.00205233 0.00203636 0.00193225 0.00180130 0.00176860 0.00171679 0.00170894 0.00170357 0.00169753 0.00161447 0.00160358 0.00153242 0.00150631 0.00148289 0.00147493 0.00147275 0.00145773 0.00143431 0.00140237 0.00134671 0.00133200 0.00132801 0.00130841 0.00128287 0.00127237 0.00124146 0.00123185 0.00121835 0.00119311 0.00119102 0.00117174 0.00116375 0.00115875 0.00112824 0.00112360 0.00112317 0.00112022 0.00111235 0.00109641 0.00109312 0.00109077 0.00107919 0.00107175 0.00106610 0.00101822	18.91565284416786	97.92662943517372
10.18.23.PLOCT16.R2__NA__NA__231027_WW__00X.variants.tsv	[('EG.5* [Omicron (EG.5.X)]', 0.4280812341352773), ('XBB.1.5* [Omicron (XBB.1.5.X)]', 0.18296357216587453), ('Other', 0.10002325813971316), ('XBB.1.16* [Omicron (XBB.1.16.X)]', 0.09189771570119175), ('XBB.1.9.1* [Omicron (XBB.1.9.1.X)]', 0.05674307433332437), ('XBB* (XBB.X)', 0.02325568922187031), ('XBB.1.9.2* [Omicron (XBB.1.9.2.X)]', 0.009453366495019804), ('XBB.2.3* (XBB.2.3.X)', 0.002370270118818913)]	HV.1.1 EG.5.1.4 XBB.1.16.31 HK.23 XCP HZ.1 EG.5.1.6 JD.1 XCR XBB.1.5.102 HK.29 HK.13 HN.1 HK.8.1 XDJ JG.3.3 JG.3 JD.1.1.7 EG.5.1.13 HK.3.12 JD.1.1.5 XCZ JG.1 FL.1.5.2 XBB.1.16.15 FL.1.2 HF.1 XBB.1.5.1 XBB.1.5.35 HV.1.5 FT.3.1 GK.2.2 EG.7 EG.5.1.9 EG.5.1.7 EG.5.2.3 HK.3.4 HF.1.1 FL.1.5 XCH.1 HK.15 XBB.1.5.92 GK.1.1.1 XBB.1.5.24 HN.4.2 XBB.1.5.109 HK.28 EG.5.1.2 FY.5.1.1 GU.1 JD.1.1.2 XCF.2 HK.30 FL.22 JD.1.1.6 HC.4 HV.1.2 GK.1.1 FE.1.1.4 XBB.1.5.33 HN.3 XBB.1.5.82 HV.1.7 FL.29 EG.5.1.17 XBB.1.43.1 JD.2 XBB.1.16.27 KJ.1 FY.4.1.1 XBL.2 XBB.1.37.1 JM.1 EG.5.2.1 XBB.1.5.73 XBB.1.27 HK.6 HA.2 XBB.1.5.105 FL.4.11 FL.4.4 HK.13.1 GK.1.8.1 GN.1.1 HN.7 XBB.1.5.38 JD.1.1.4 GK.10 JD.1.1.1 XBB.1.36 JJ.1 FD.1.1 EK.2 EG.5.1.16 XBB.1.21 XBB.1.45.1 EG.5.1.12 XBB.1.12 GK.1.10 GJ.4 JF.3 JF.4 HC.2 XBB.1.9.6 EG.1.8 FL.1.8 XBB.1.16.24 XBB.1.23 XBB.1.5.72 GJ.1.2.5 KL.1.1 HV.1.9 HZ.2 HK.16 XDG EG.9.1 FL.1.1 EG.4.2 JC.2 XBB.1.47.1 FL.13.5 XCW JD.1.1.3	0.09212737 0.08481405 0.06088383 0.05094379 0.04293370 0.03101925 0.03072094 0.02227908 0.02191360 0.02132739 0.01786280 0.01659724 0.01558708 0.01440177 0.01339033 0.01323215 0.01323215 0.01213100 0.01154120 0.01118800 0.01002980 0.00989425 0.00943370 0.00938365 0.00840775 0.00821957 0.00807280 0.00723734 0.00685413 0.00640820 0.00639191 0.00638155 0.00620778 0.00573770 0.00538600 0.00534759 0.00531604 0.00507709 0.00503990 0.00477757 0.00477239 0.00464517 0.00443341 0.00356186 0.00341091 0.00335808 0.00334821 0.00328947 0.00319978 0.00313526 0.00308935 0.00308308 0.00288898 0.00278487 0.00278313 0.00275891 0.00266150 0.00243286 0.00239979 0.00237427 0.00234628 0.00232431 0.00228036 0.00220119 0.00220103 0.00217533 0.00203925 0.00203695 0.00200659 0.00198902 0.00195887 0.00193517 0.00181571 0.00181247 0.00180177 0.00175747 0.00168289 0.00166778 0.00161166 0.00153647 0.00152953 0.00151495 0.00150830 0.00148837 0.00148225 0.00147391 0.00147059 0.00146688 0.00146028 0.00145518 0.00139408 0.00139033 0.00137194 0.00136889 0.00135635 0.00133749 0.00131173 0.00127551 0.00126093 0.00123584 0.00121628 0.00121303 0.00119856 0.00118746 0.00118445 0.00117371 0.00116768 0.00114679 0.00113516 0.00113443 0.00112782 0.00107245 0.00106895 0.00106332 0.00106312 0.00103377 0.00102933 0.00102737 0.00102020 0.00102015 0.00101833 0.00100874 0.00100086	15.087592908085515	97.79955188442631
9.20.23.ENCSEP15.R1__NA__NA__230929_WW__00X.variants.tsv	[('EG.5* [Omicron (EG.5.X)]', 0.42135233258564314), ('XBB.1.16* [Omicron (XBB.1.16.X)]', 0.14901597757179877), ('XBB.1.5* [Omicron (XBB.1.5.X)]', 0.08656433910477182), ('XBB.1.9.1* [Omicron (XBB.1.9.1.X)]', 0.08540902489749826), ('XBB.1.9.2* [Omicron (XBB.1.9.2.X)]', 0.07368417579395224), ('Other', 0.04976518618123466), ('XBB* (XBB.X)', 0.037201604756451546), ('XBB.2.3* (XBB.2.3.X)', 0.009756455665810678)]	EG.5.1.4 HV.1.1 EG.5.1.1 XBB.1.9.2 FL.1.5 HK.6 HK.29 EG.5.1.16 XDC XBB.1.16.31 HK.19 HF.1 JF.1 HF.1.1 XBB.1.9 XBB.1.5.45 EG.5.2 XBB.1.16.19 XBB.1.5.65 XBB.1.5.76 XCZ XBB.1.42 JF.4 GY.3 XBB.1.16.6 XBB.1.16.20 EG.5.1.15 XBB.1.5.91 XBB.1.5.78 HN.5 XBB.1.5.61 XBB.1.16.29 GJ.2 FL.1.5.2 FL.2.4 EG.4 EG.5.2.3 XBB.1.16.14 XBB.1.5.99 FU.5 XDG XBB.1.5.66 GY.9 XCP HV.2 JF.3 GK.10 FL.2.3.1 EG.5.2.1 XBB.1.8 EG.5.1.12 HK.3.3 HA.1 XBB.1.16.24 XBB.1.16.9 FL.2.1 GK.7 FL.20 XBB.1.5.13 EG.2.3 XBB.1.37.1 XBB.1.5.35 XBB.1.45.1 GY.6 XBB.1.16.2 HV.1.5 FE.1.1.4 FT.1 XBB.1.5.50 XBB.1.5.39 XBB.1.5.33 XBB.1.16.32 FU.1.1 XBB.2.3.17 HZ.2 HK.31 FL.2.6 JD.1.1.6 EK.2 XBB.1.14.1 HK.18 HV.1.7 JD.1.1.5 EG.5.2.2 XBB.1.5.64 XBB.1.5.6 XBB.1.5.82 HK.13.1 XCW GJ.1.2.4 HK.3.12 JM.2 GK.12 EG.4.1 GJ.3 XBB.2.3.16 XBB.1.16.27 HK.11 GA.5 XBB.1.25 FY.2.1 HP.1 XBB.1.11 FL.38 EG.2.4 HF.1.2 XDL EG.11 XBB.1.43 HV.1.10 FL.1.2 EG.5.1.14 FU.4 HQ.1 KJ.1 XBB.1.5.49 HK.3.2.2	0.10684953 0.06866073 0.06524667 0.06439178 0.06169901 0.03750000 0.03554210 0.03500303 0.03329487 0.02878505 0.02667207 0.01814993 0.01624239 0.01451840 0.01371393 0.01321951 0.01106301 0.01064880 0.00898777 0.00865238 0.00830995 0.00790182 0.00732341 0.00709220 0.00631080 0.00617284 0.00601862 0.00556883 0.00546937 0.00495682 0.00480603 0.00456621 0.00432900 0.00418044 0.00398881 0.00382202 0.00345487 0.00329768 0.00328260 0.00314142 0.00292884 0.00282557 0.00278551 0.00273437 0.00269360 0.00264793 0.00259067 0.00258604 0.00256369 0.00253805 0.00246479 0.00246301 0.00240269 0.00217824 0.00216933 0.00213221 0.00210664 0.00206607 0.00205048 0.00204927 0.00202224 0.00196574 0.00195312 0.00192262 0.00192262 0.00190931 0.00188724 0.00188228 0.00185590 0.00183396 0.00179688 0.00178972 0.00177148 0.00173136 0.00172967 0.00167434 0.00164528 0.00163159 0.00159829 0.00155957 0.00152535 0.00152491 0.00151745 0.00150538 0.00150304 0.00144162 0.00143747 0.00141044 0.00140138 0.00135734 0.00134362 0.00126678 0.00126577 0.00122698 0.00117611 0.00116264 0.00116034 0.00115993 0.00115673 0.00113766 0.00113091 0.00111534 0.00111432 0.00110550 0.00110253 0.00110187 0.00109577 0.00109160 0.00108602 0.00105486 0.00104885 0.00104846 0.00103520 0.00102635 0.00101522 0.00100048 0.00100000	14.262448916575805	94.96706016118785
9.06.23.PLSEP03.R2__NA__NA__230911_WW__00X.variants.tsv	[('EG.5* [Omicron (EG.5.X)]', 0.25446615524688143), ('XBB.1.16* [Omicron (XBB.1.16.X)]', 0.1955463753820632), ('XBB.1.5* [Omicron (XBB.1.5.X)]', 0.13520119272105155), ('XBB.1.9.1* [Omicron (XBB.1.9.1.X)]', 0.09845233593629867), ('XBB.1.9.2* [Omicron (XBB.1.9.2.X)]', 0.08202527083536995), ('XBB.2.3* (XBB.2.3.X)', 0.0708994080162548), ('Other', 0.03464341844451728), ('XBB* (XBB.X)', 0.02923302881322495)]	XBB.1.16.19 EG.5.1.4 FL.1.5 EG.5.1.6 XBB.1.5.73 JF.1 EG.5.1.16 GJ.1.2 HN.1 XCY HK.23 EG.6 FU.2 EG.6.1 HF.1.1 HZ.1 HK.9 HK.1 GJ.1 XBB.1.9.2 HK.27 FU.1 HK.29 JF.1.1 EG.5.1.14 FY.2.1 XBB.1.5.24 GY.1 HK.19 FD.1.1 XBB.1.5.72 EG.6.1.1 GY.5 XBB.1.16.4 XBB.1.16.8 XCZ EG.5.1.10 HK.30 GV.1 XBB.1.5.76 XBB.2.3.16 HL.1 EG.7 EG.5.2.2 XBB.1.5.110 XBB.1.5.109 JA.1 JC.6 EK.2 FL.2.1 FL.20 HV.1.10 EG.5.1.7 EG.2.1 XBB.1.5.78 GK.2.4 XBB.2.3.19 XBB.1.5.99 JF.3 EG.11 GN.3 FL.24 HK.6 GJ.1.2.5 FW.3 GK.7 FL.4.2 JF.2 XBB.1.16.11 FL.20.1 XBB.7 HV.1.2 XBB.1.5.61 XBB.1.47.1 JB.1.1 XBB.2.3.15 FT.1 XBB.1.16.24 GJ.4 XBB.2.3.9 HK.3.4 EG.5.1.13 EG.1.5 XBB.1.16.15 XBB.1.16.9 XDG FD.2.1 FL.5.1 FY.8.1.1 HK.3.12 XCG EG.9.1 XBB.1.16.10 EG.2.3 KJ.1 HC.3 EG.5.1.12 HH.8.1 HV.1.7 XBB.1.16.27 HN.5 XBB.1.16.16 FL.1.8 EG.4.2 XBB.2.3.18 XBB.1.5.94 FL.1.2 HE.1 FL.22 XBB.1.5.19 JF.4 FD.4 FL.38 EG.1.8 XBB.1.16.5 GK.1.10 FL.2.6 HK.32 XBB.1.5.9 EG.5.1.9 HT.1 XBB.1.45.1 GJ.1.2.3 GE.1.2.2 XBL.1 GK.10 HK.13.2.1 FU.5 HV.1.9 GJ.6 GN.4 XBB.1.16.25 GJ.1.2.4 EG.14 JC.4 KM.1 EG.2.5 HH.1 GS.4 HU.2 JF.1.1.1 FY.4.2 KH.1 FL.13.2.1 EG.5.1.5 XBB.1.5.82	0.05159750 0.05102388 0.04548013 0.04291490 0.04259211 0.03412959 0.02860100 0.02821725 0.02751198 0.02487288 0.02416253 0.02342416 0.02140743 0.02085693 0.01942438 0.01793350 0.01604225 0.01498900 0.01222135 0.01177734 0.01158980 0.01118228 0.01093400 0.00988449 0.00925579 0.00716057 0.00691923 0.00654097 0.00624069 0.00606197 0.00603836 0.00595966 0.00513526 0.00512182 0.00490292 0.00489591 0.00461757 0.00450831 0.00437774 0.00405397 0.00403497 0.00388748 0.00368782 0.00364372 0.00358375 0.00357101 0.00343571 0.00330598 0.00328793 0.00328203 0.00324946 0.00309772 0.00306748 0.00305407 0.00303337 0.00300449 0.00298383 0.00281535 0.00276379 0.00267666 0.00265957 0.00252715 0.00249254 0.00246914 0.00245880 0.00244084 0.00239314 0.00238184 0.00237176 0.00234522 0.00228311 0.00227480 0.00227014 0.00226757 0.00223577 0.00218506 0.00211416 0.00207814 0.00206875 0.00202347 0.00201309 0.00192644 0.00191353 0.00190865 0.00190114 0.00184332 0.00183824 0.00182799 0.00180668 0.00179708 0.00179598 0.00178653 0.00175439 0.00170940 0.00164745 0.00163934 0.00163387 0.00162698 0.00162536 0.00161138 0.00160167 0.00158808 0.00158646 0.00155629 0.00150716 0.00149442 0.00148971 0.00147974 0.00141543 0.00140346 0.00139776 0.00138681 0.00137741 0.00137545 0.00135524 0.00134513 0.00129548 0.00128205 0.00128116 0.00126823 0.00126620 0.00126143 0.00125313 0.00123789 0.00123533 0.00122699 0.00121581 0.00120739 0.00120222 0.00119052 0.00116959 0.00116104 0.00113151 0.00112643 0.00112448 0.00112382 0.00112101 0.00111770 0.00111524 0.00111385 0.00109170 0.00108335 0.00107975 0.00106908 0.00104603 0.00103278	13.957343293370947	96.63244490519345
10.18.23.ENCOCT13.R2__NA__NA__231027_WW__00X.variants.tsv	[('BA.2.86* (BA.2.86.X)', 0.8379027475713707), ('EG.5* [Omicron (EG.5.X)]', 0.031692836968035), ('XBB.1.9.2* [Omicron (XBB.1.9.2.X)]', 0.005223781827413373), ('XBB.1.9.1* [Omicron (XBB.1.9.1.X)]', 0.004394306144182259), ('XBB* (XBB.X)', 0.0042551626029953184), ('Other', 0.0035076568976644706), ('Omicron', 0.0023899088707352825), ('XBB.1.5* [Omicron (XBB.1.5.X)]', 0.002379401417433614), ('XBB.1.16* [Omicron (XBB.1.16.X)]', 0.001699889932457687), ('CH.1.1* [Omicron (CH.1.1.X)]', 0.0014857201223848337)]	JN.1.18.5 JN.1 JN.1.16 JN.1.26 EG.5.1.8 JN.1.58 FL.1.5.2 JN.1.39 EG.5.1.14 JN.1.67 JN.1.63 LB.1.6 MS.1 EG.5.1.16 JN.1.43 JN.1.23 JN.1.54.1 LF.10 GK.10 LF.2 JN.1.18.8 HK.3.12 JN.1.15 JN.1.39.1 XBB.1.34.1 JN.1.54 LY.2 JN.1.57.1 XBB.1.16.27 LZ.2.2 MD.2 HK.33 NS.2 EG.9 HK.34.1 HK.3.13 DV.7.1.6 HK.24.1 EG.5.1.13 JN.1.46 EG.11 XDY.10 LF.5 JN.3.3 LB.1.7.2 XDC EG.2.4 JN.1.16.2 HK.13.1 XDL LB.1.7.1 GW.1.1 EG.2.3 EG.5.1.12 LQ.1.2 XFP.2 XCR JN.1.27 EG.5.2.4 KY.1 XBB.1.9.6 EG.5.1.10 HK.11.1 LR.3 JN.1.38.1 KB.2	0.33886441 0.29529249 0.12374926 0.01476415 0.00816690 0.00484470 0.00439431 0.00432834 0.00423150 0.00420288 0.00326426 0.00316056 0.00305123 0.00298576 0.00284293 0.00266602 0.00266062 0.00242038 0.00237940 0.00224672 0.00219933 0.00219724 0.00211593 0.00202840 0.00200200 0.00184943 0.00179682 0.00176244 0.00169989 0.00166500 0.00165829 0.00163965 0.00163882 0.00156850 0.00156740 0.00154024 0.00148572 0.00140299 0.00136589 0.00134005 0.00129073 0.00127599 0.00126118 0.00122528 0.00122004 0.00121147 0.00120267 0.00119881 0.00119561 0.00119355 0.00117134 0.00116961 0.00116189 0.00114250 0.00111982 0.00111392 0.00110264 0.00109872 0.00109232 0.00108709 0.00108355 0.00106686 0.00106243 0.00105513 0.00105189 0.00103555	16.347506222454037	97.7025716483296
9.20.23.PLSEP18.R1__NA__NA__230929_WW__00X.variants.tsv	[('EG.5* [Omicron (EG.5.X)]', 0.2641526605112484), ('XBB.1.16* [Omicron (XBB.1.16.X)]', 0.17198483659164582), ('XBB.1.5* [Omicron (XBB.1.5.X)]', 0.16546050905213117), ('XBB.1.9.1* [Omicron (XBB.1.9.1.X)]', 0.15383088156337388), ('Other', 0.10398875851404653), ('XBB* (XBB.X)', 0.03225893502458717), ('XBB.2.3* (XBB.2.3.X)', 0.020339242086187214), ('XBB.1.9.2* [Omicron (XBB.1.9.2.X)]', 0.004725265991513216)]	XDJ HK.29 XBB.1.16.19 HV.1 HN.5 HZ.1 EG.5.1.13 EG.5.1.4 GN.1.1 XBB.1.16.13 XBB.1.5.65 XCY EG.5.1.6 XBB.1.16.11 FL.2.4 HN.3 HF.1 XBB.1.42.1 HV.1.2 HZ.2 XBB.1.5.10 XBB.1.16.12 JG.4 GK.1.1 FL.6 GJ.1.2.6 XBB.1.16.4 GJ.1.2.2 XCZ GV.1 HK.30 FL.26 HN.1 HN.4.2 GD.2 FL.22 FU.1.1.1 HN.7 HK.18 HK.13.2.1 XBB.1.16.24 FL.8 HN.4 HV.1.9 GJ.5 XBB.1.5.76 EK.2.1 GK.1.3 FL.10.3 FL.2.2 FL.2.3.1 HF.1.1 XDG XBB.1.16.31 FL.24.1 XBB.1.16.18 XBB.1.16.5 HV.1.5 XBB.1.5.99 FU.5 KJ.1 JR.1.1.1 EG.6.1 XBB.1.5.94 FL.20.1 GG.1 XBB.1.20 HV.1.4 GJ.3 HK.11.1 FL.3.4 XBB.1.5.109 HV.1.7 XBB.1.48 FL.9 HN.2 EG.5.1.14 HK.13.1 EG.2.4 FL.30.1 EG.5.1.12 XBB.1.45.1 FL.13.2.1 HK.3.12 XBB.1.16.28 FL.38 HH.8.1 XBW FZ.2 HJ.1 HN.3.1 HK.7 FY.5.1.1 XBB.1.5.19 FL.4.4 EG.2.3 HR.1.1 XBN XBB.8.1 GA.4.1.2 EK.1 FT.3 XBB.1.16.27 FY.6.2 FL.18 JB.1.1 FE.1.1.3 FL.32.1 XCT.1 FH.1 FL.19.1 XBB.1.27 HV.1.6.1 XBL.1 GK.1.7	0.06402300 0.05765943 0.05719780 0.05690564 0.04718523 0.03754970 0.03320630 0.03152498 0.03061643 0.03020508 0.02748044 0.02730099 0.02643423 0.02570205 0.02387751 0.01723515 0.01720676 0.01619553 0.01498800 0.01367520 0.01348038 0.01252479 0.01209311 0.01129963 0.01105120 0.00847720 0.00662031 0.00608899 0.00571931 0.00525056 0.00495663 0.00491310 0.00485776 0.00437919 0.00429963 0.00422450 0.00407332 0.00388098 0.00313398 0.00311880 0.00297619 0.00283643 0.00280014 0.00278980 0.00274238 0.00271257 0.00269146 0.00262731 0.00262421 0.00251889 0.00245098 0.00227757 0.00226886 0.00224978 0.00218818 0.00212134 0.00211416 0.00208333 0.00207577 0.00206292 0.00205580 0.00196271 0.00193599 0.00184162 0.00181488 0.00177322 0.00175747 0.00166572 0.00163597 0.00163094 0.00160951 0.00160462 0.00159363 0.00158851 0.00158517 0.00158103 0.00157812 0.00156460 0.00154162 0.00153139 0.00147420 0.00144928 0.00144196 0.00144132 0.00143472 0.00140795 0.00139470 0.00139465 0.00137931 0.00137285 0.00133869 0.00131692 0.00130354 0.00129433 0.00125217 0.00124766 0.00122639 0.00120749 0.00119460 0.00119190 0.00118412 0.00117285 0.00116225 0.00115260 0.00110497 0.00108932 0.00108746 0.00108637 0.00106333 0.00106059 0.00105337 0.00103842 0.00103027 0.00101112 0.00100184	15.17519962414828	97.29792997358125
9.20.23.SBSEP14.R1__NA__NA__230929_WW__00X.variants.tsv	[('Omicron', 0.8570008060047377), ('Other', 0.14240814182495412)]	BE.1 B.1.1.529 B.1.137 BQ.1.27 BQ.1.15.2 BQ.1.1.18 BQ.1.1.55	0.36042744 0.35711837 0.14240814 0.05294603 0.05063090 0.02438404 0.01149402	8.029196328095225	20.941042704745342
11.01.23.ENCOCT26.R2__NA__NA__231109_WW__00X.variants.tsv	[('EG.5* [Omicron (EG.5.X)]', 0.4652474038473671), ('XBB.1.9.2* [Omicron (XBB.1.9.2.X)]', 0.15170240630193058), ('XBB.1.9.1* [Omicron (XBB.1.9.1.X)]', 0.11470773432509751), ('Other', 0.10817506019740968), ('XBB.1.16* [Omicron (XBB.1.16.X)]', 0.06243329116375988), ('XBB* (XBB.X)', 0.017464337052508022), ('XBB.1.5* [Omicron (XBB.1.5.X)]', 0.008220881945176785)]	EG.5.1.6 HV.1.2 XBB.1.9.2 XDJ EG.5.1.4 HK.27 EG.2 XBB.1.16.7 FL.1.5 HK.23 FL.1.5.1 XDB JG.1 XCY FL.20.1 EG.5.1.7 FL.4 FL.4.8 FL.23.2 FL.6 XBB.1.16.14 EG.6.1 EG.5.1.13 FL.4.9 FL.22 XBB.1.45.1 FL.8 XBB.1.16.10 XBB.1.16.21 FL.26.1 HU.1 XBB.1.27 FL.29 EG.5.1.12 HK.31 JF.4 XCZ XBB.1.5.23 HV.1.7 EG.5.1.9 HN.7 GA.6.1 FU.3.1 FY.2 XBB.1.5.57 FL.1.8 FP.2.1.1 EG.2.3 HK.15 XBB.1.16.27 EG.4.2 HK.13.1 HK.3.9 FL.9 FY.5.2 FL.33 FL.33.1 XBB.1.16.20 EG.14 FL.2.3.1 FL.4.4 HR.1.1 FU.1.1.1 HV.1.6 FL.37 XBB.1.24 HK.3.12 HK.22 FL.31.1 XBB.1.37.1 EG.9.1 KJ.1 XBB.1.5.105 HK.9 FL.13.5 EG.6.1.2 HV.1.9 XBB.1.5.50 EU.1.1.3 FL.4.6 AP.1 FU.5 FL.38 XBB.1.16.5	0.13483500 0.12851696 0.08581090 0.07386267 0.06541070 0.06403418 0.05422197 0.04016837 0.02456743 0.02180970 0.02105533 0.01866978 0.01752982 0.01260659 0.01060070 0.00946372 0.00784590 0.00744918 0.00609886 0.00505051 0.00489638 0.00485916 0.00484090 0.00426439 0.00330033 0.00328638 0.00315310 0.00311769 0.00288184 0.00285100 0.00271821 0.00258176 0.00255265 0.00239255 0.00236911 0.00228949 0.00198889 0.00193992 0.00180180 0.00172414 0.00170177 0.00169851 0.00167406 0.00166365 0.00163954 0.00163934 0.00162833 0.00160048 0.00158479 0.00153711 0.00153644 0.00152193 0.00145879 0.00144976 0.00143113 0.00139457 0.00138149 0.00137049 0.00135065 0.00134789 0.00133528 0.00132890 0.00131234 0.00126295 0.00126228 0.00124425 0.00124152 0.00123771 0.00121564 0.00121212 0.00120627 0.00115808 0.00115741 0.00112465 0.00111732 0.00111654 0.00108648 0.00108483 0.00107028 0.00105654 0.00104712 0.00102229 0.00101647 0.00100514	17.75488759253507	97.6691301876066
10.25.23.SBOCT19.R1__NA__NA__231027_WW__00X.variants.tsv	[('EG.5* [Omicron (EG.5.X)]', 0.5138484831813152), ('XBB.1.16* [Omicron (XBB.1.16.X)]', 0.2461992511863564), ('Other', 0.05630464820282459), ('XBB.1.9.2* [Omicron (XBB.1.9.2.X)]', 0.025070055528437073), ('XBB* (XBB.X)', 0.0238223612352612), ('XBB.1.5* [Omicron (XBB.1.5.X)]', 0.01843114440032239), ('XBB.1.9.1* [Omicron (XBB.1.9.1.X)]', 0.017578990449842912), ('XBB.2.3* (XBB.2.3.X)', 0.014083512869173111)]	FU.2 JG.4 EG.5.1.1 JG.2 EG.5.1.3 EG.5.1 XDJ HK.23 EG.5.1.4 HV.1.2 EG.5.1.9 XBB.2.3 HV.1.1 EG.6 XBB.1.9.2 FL.6 HK.32 JD.1.1.1 XDB HK.8.1 XBB.1.16.24 HK.15 HK.29 EG.5.1.12 EG.5.1.2 XBB.3.5 HV.1.7 XCP EG.5.1.7 HK.26.1 EK.3 FL.22 EG.5.1.16 JD.1.1.6 HK.3.4 XBB.1 XBB.1.34.1 FL.8 HK.9 EG.5.1.14 XBB.1.5.109 JZ.1 EG.14 XBB.1.5.57 XBB.1.43.1 FL.3.4 XBB.1.48 HK.13.1 EG.6.1 XBB.1.16.27 HK.30 XBB.1.47 HK.3.12 JD.1.1.5 XBB.1.12 FL.20.1 XBB.1.37.1 EG.2.3 FU.5 XBB.1.8 FL.18.1 XBB.1.27 HE.1 XDG XBB.1.33 EG.9 XBB.1.15.1 XBB.1.45.1 JJ.1 XBB.1.13.1 HK.34.1 XBB.2.9	0.23866498 0.09256935 0.07312818 0.06179085 0.06179078 0.05170620 0.04518923 0.04139123 0.02808843 0.02169458 0.01671238 0.01408351 0.01131574 0.01001535 0.00950321 0.00893699 0.00748128 0.00696722 0.00690962 0.00622903 0.00477522 0.00473292 0.00423131 0.00391398 0.00350877 0.00344877 0.00306540 0.00302686 0.00296736 0.00284659 0.00275027 0.00254022 0.00248976 0.00221566 0.00214133 0.00212176 0.00197431 0.00193595 0.00182232 0.00176910 0.00175647 0.00168635 0.00167661 0.00167227 0.00164018 0.00162297 0.00151046 0.00150621 0.00147748 0.00147602 0.00145773 0.00142065 0.00140590 0.00138292 0.00135227 0.00130634 0.00128425 0.00128382 0.00128304 0.00126166 0.00123653 0.00121212 0.00119932 0.00117894 0.00113269 0.00111359 0.00110229 0.00109630 0.00106052 0.00105895 0.00103126 0.00100637	15.097569939208569	97.06383974852021
